customer_id;customer_name;customer_address
1;Debra Burks;9273 Thorne Ave., Orchard Park, NY 14127
1445;Ester Acevedo;671 Miles Court, San Lorenzo, CA 94580
2;Kasha Todd;910 Vine Street, Campbell, CA 95008
3;Tameka Fisher;769C Honey Creek St., Redondo Beach, CA 90278
4;Daryl Spence;988 Pearl Lane, Uniondale, NY 11553
5;Charolette Rice;107 River Dr., Sacramento, CA 95820
6;Lyndsey Bean;769 West Road, Fairport, NY 14450
7;Latasha Hays;7014 Manor Station Rd., Buffalo, NY 14215
8;Jacquline Duncan;15 Brown St., Jackson Heights, NY 11372
9;Genoveva Baldwin;8550 Spruce Drive, Port Washington, NY 11050
10;Pamelia Newman;476 Chestnut Ave., Monroe, NY 10950
11;Deshawn Mendoza;8790 Cobblestone Street, Monsey, NY 10952
12;Robby Sykes;486 Rock Maple Street, Hempstead, NY 11550
13;Lashawn Ortiz;27 Washington Rd., Longview, TX 75604
14;Garry Espinoza;7858 Rockaway Court, Forney, TX 75126
15;Linnie Branch;314 South Columbia Ave., Plattsburgh, NY 12901
16;Emmitt Sanchez;461 Squaw Creek Road, New York, NY 10002
17;Caren Stephens;914 Brook St., Scarsdale, NY 10583
18;Georgetta Hardin;474 Chapel Dr., Canandaigua, NY 14424
19;Lizzette Stein;19 Green Hill Lane, Orchard Park, NY 14127
20;Aleta Shepard;684 Howard St., Sugar Land, TX 77478
21;Tobie Little;10 Silver Spear Dr., Victoria, TX 77904
22;Adelle Larsen;683 West Kirkland Dr., East Northport, NY 11731
23;Kaylee English;8786 Fulton Rd., Hollis, NY 11423
24;Corene Wall;9601 Ocean Rd., Atwater, CA 95301
25;Regenia Vaughan;44 Stonybrook Street, Mahopac, NY 10541
26;Theo Reese;8755 W. Wild Horse St., Long Beach, NY 11561
27;Santos Valencia;7479 Carpenter Street, Sunnyside, NY 11104
28;Jeanice Frost;76 Devon Lane, Ossining, NY 10562
29;Syreeta Hendricks;193 Spruce Road, Mahopac, NY 10541
30;Jamaal Albert;853 Stonybrook Street, Torrance, CA 90505
31;Williemae Holloway;69 Cypress St., Oakland, CA 94603
32;Araceli Golden;12 Ridgeview Ave., Fullerton, CA 92831
33;Deloris Burke;895 Edgemont Drive, Palos Verdes Peninsula, CA 90274
34;Brittney Woodward;960 River St., East Northport, NY 11731
35;Guillermina Noble;6 Del Monte Lane, Baldwinsville, NY 13027
36;Bernita Mcdaniel;2 Peg Shop Ave., Liverpool, NY 13090
37;Melia Brady;907 Shirley Rd., Maspeth, NY 11378
38;Zelma Browning;296 Second Street, Astoria, NY 11102
39;Janetta Aguirre;214 Second Court, Lancaster, NY 14086
40;Ronna Butler;9438 Plymouth Court, Encino, CA 91316
41;Kathie Freeman;667 Temple Dr., Queensbury, NY 12804
42;Tangela Quinn;4 S. Purple Finch Road, Richmond Hill, NY 11418
43;Mozelle Carter;895 Chestnut Ave., Houston, TX 77016
44;Onita Johns;32 Glen Creek Lane, Elmont, NY 11003
45;Bennett Armstrong;688 Walnut Street, Bethpage, NY 11714
46;Monika Berg;369 Vernon Dr., Encino, CA 91316
47;Bridgette Guerra;9982 Manor Drive, San Lorenzo, CA 94580
48;Cesar Jackson;8068 N. Griffin Ave., Liverpool, NY 13090
49;Caroll Hays;9381 Wrangler St., Fairport, NY 14450
50;Cleotilde Booth;17 Corona St., Sugar Land, TX 77478
51;Gertrud Rhodes;9961 Meadowbrook Street, Merrick, NY 11566
52;Tu Ramirez;24 W. Courtland Street, East Elmhurst, NY 11369
53;Saturnina Garner;8538 Fairground St., Glendora, CA 91740
54;Fran Yang;440 Pearl St., Utica, NY 13501
55;Diana Guerra;45 Chapel Ave., Merrick, NY 11566
56;Lolita Mosley;376 S. High Ridge St., Houston, TX 77016
57;Pamala Henry;197 Bridgeton Ave., Bronx, NY 10451
58;Damien Dorsey;161 Old York Street, Central Islip, NY 11722
59;Latasha Stanley;8068 Fordham Drive, Rockville Centre, NY 11570
60;Neil Mccall;7476 Oakland Dr., San Carlos, CA 94070
61;Elinore Aguilar;9766 Rockcrest Ave., San Angelo, TX 76901
62;Alica Hunter;8 San Juan Drive, East Elmhurst, NY 11369
63;Tenisha Lyons;78 E. Rock Creek Street, Amityville, NY 11701
64;Bobbie Foster;988 Pineknoll Ave., Desoto, TX 75115
65;Kanesha Vega;771 E. Oxford Drive, Rome, NY 13440
66;Lorrie Becker;19 North Court, Garland, TX 75043
67;Tommie Melton;8 West Old York St., Sacramento, CA 95820
68;Jayne Kirkland;7800 Second Lane, Rowlett, TX 75088
69;Katelin Kennedy;286 Myrtle Lane, Rocklin, CA 95677
70;Tomasa Carson;10 Clark Avenue, East Elmhurst, NY 11369
71;Takako Casey;7548 Court Lane, Bronx, NY 10451
72;Petronila Norris;72 South Marshall Lane, South El Monte, CA 91733
73;Melanie Hayes;5 N. Hall Dr., Liverpool, NY 13090
74;Georgeann Waller;9797 Bald Hill Ave., North Tonawanda, NY 14120
75;Abby Gamble;60 Myers Dr., Amityville, NY 11701
76;Parker Prince;21 Sulphur Springs Drive, Port Jefferson Station, NY 11776
77;Keri Bridges;8504 Brickell Ave., Richardson, TX 75080
78;Chi Goff;3 W. Glen Ridge Avenue, Palos Verdes Peninsula, CA 90274
79;Ashanti Parks;846 N. Helen St., Baldwin, NY 11510
80;Sarai Mckee;641 Glenwood Avenue, Buffalo, NY 14215
81;Zina Bonner;9312 8th Street, San Lorenzo, CA 94580
82;Lizzie Joyner;8541 Roberts St., Coachella, CA 92236
83;Tiesha Daniel;6 West Bohemia Lane, Scarsdale, NY 10583
84;Armand Whitehead;639 Harvey St., Lindenhurst, NY 11757
85;Teofila Fischer;1 West Brickyard St., Huntington Station, NY 11746
86;Lissa Vargas;517 Victoria Ave., Oswego, NY 13126
87;Yan Mcgowan;8960 Newport Ave., Duarte, CA 91010
88;Titus Bullock;29 Oxford Avenue, Hollis, NY 11423
89;Arvilla Osborn;60 Acacia Lane, Upland, CA 91784
90;Marjorie Logan;95 Grandrose St., Franklin Square, NY 11010
91;Marvin Mullins;7489 Redwood Drive, San Diego, CA 92111
92;Tena Cruz;1 South St., Farmingdale, NY 11735
93;Corrina Sawyer;95 Briarwood Lane, Troy, NY 12180
94;Sharyn Hopkins;4 South Temple Ave., Baldwinsville, NY 13027
95;Letitia Franco;607 Lakeview Drive, Saratoga Springs, NY 12866
96;Floretta Higgins;870 Lilac Dr., Bayside, NY 11361
97;Louanne Martin;1 Campfire Ave., Yuba City, CA 95993
98;Violet Valenzuela;8668 Piper Street, Plattsburgh, NY 12901
99;Carie Kidd;6 East Clinton Street, Monroe, NY 10950
100;Kellie Franco;444 South Walnut Rd., Commack, NY 11725
101;Nichelle Howell;7670 Forest St., Scarsdale, NY 10583
102;Marisol Goodman;864 East Cherry St., Canandaigua, NY 14424
103;Sylvie Wilkerson;750 Central Ave., Syosset, NY 11791
104;Katharina Bates;54 South Greenview Drive, Campbell, CA 95008
105;Marget Hodge;7199 Selby Lane, Woodhaven, NY 11421
106;Raul Melendez;9772 Manhattan St., Elmhurst, NY 11373
107;Cecil Hopper;471 Glenlake Ave., Central Islip, NY 11722
108;Shae Hickman;740 Pin Oak Street, Floral Park, NY 11001
109;Monica Sears;57 Glenholme St., San Jose, CA 95127
110;Ollie Zimmerman;69 Wood Rd., Anaheim, CA 92806
111;Shila White;94 Lakeshore Street, Orchard Park, NY 14127
112;Yuk Vega;413 Wood St., West Hempstead, NY 11552
113;Eliana Silva;7119 Summer Rd., Farmingdale, NY 11735
114;Thalia Horne;9312 Harvard Street, Amityville, NY 11701
115;Rey Lindsay;16 Philmont St., Monroe, NY 10950
116;Merlene Vinson;431 Vine Dr., Euless, TX 76039
117;Dacia William;62 Cypress Drive, Sugar Land, TX 77478
118;Le Wood;90 Primrose Dr., Pittsford, NY 14534
119;Thalia Dillard;987 NE. Gates Street, San Angelo, TX 76901
120;Luz House;491 Railroad Street, Fresno, CA 93706
121;Lucy Woods;8437 West Rockaway St., Palos Verdes Peninsula, CA 90274
122;Shena Carter;72 University Road, Howard Beach, NY 11414
123;Robena Hill;263 Cross St., Corpus Christi, TX 78418
124;Jeni Booker;546 Railroad Dr., South El Monte, CA 91733
125;Herlinda Stone;725 Gulf St., Canandaigua, NY 14424
126;Lavina Dejesus;59 E. Valley Avenue, Newburgh, NY 12550
127;Erlinda Nielsen;728 Oxford Lane, Maspeth, NY 11378
128;Terrance Lynn;91 East Buckingham Drive, Plattsburgh, NY 12901
129;Walton Dejesus;15 Washington Rd., Lockport, NY 14094
130;Wes Stanton;8662 Tunnel Street, Troy, NY 12180
131;Tanesha Hampton;19 Belmont Ave., Syosset, NY 11791
132;Boyd Irwin;221 Whitemarsh St., Hamburg, NY 14075
133;Delbert Wilkins;420 Greenview St., Coram, NY 11727
134;Brianna Moss;4 Longfellow St., Hempstead, NY 11550
135;Dorthey Jackson;9768 Brookside St., Houston, TX 77016
136;Sarita Parks;7809 Second Lane, Forney, TX 75126
137;Shonta Mercer;319 NE. La Sierra Avenue, Massapequa, NY 11758
138;Jone Bernard;99 Longbranch Court, Anaheim, CA 92806
139;Wanita Davenport;525 Dogwood Ave., Spring Valley, NY 10977
140;Cleopatra Tate;97 N. Glenwood St., East Elmhurst, NY 11369
141;Ramiro Byers;16 Pleasant St., Saint Albans, NY 11412
142;Nicholas Vazquez;9 Roosevelt Street, West Hempstead, NY 11552
143;Janae Doyle;760 Rose Ave., Jackson Heights, NY 11372
144;Hans Price;51 Glendale Road, Port Chester, NY 10573
145;Miquel Neal;9564 Deerfield Lane, Staten Island, NY 10301
146;Stefany Potter;256 South Academy St., Saratoga Springs, NY 12866
147;Bernetta Marquez;626 E. Dunbar Street, Smithtown, NY 11787
148;Julee Woodard;869 Summerhouse Dr., Richmond Hill, NY 11418
149;Meredith Bryan;8935 E. Oxford St., Spring Valley, NY 10977
150;Weldon Michael;9952 Nut Swamp St., Huntington, NY 11743
151;Joesph Delacruz;184 Cypress Street, Atwater, CA 95301
152;Katherina Odom;897 N. Oak Drive, Plainview, NY 11803
153;Laraine Robbins;8214 E. Pin Oak Lane, San Angelo, TX 76901
154;Jenise Preston;9 Littleton Drive, Helotes, TX 78023
155;Lory Page;58 Summerhouse Street, Bay Shore, NY 11706
156;Charlyn Cantrell;8756 Euclid St., West Islip, NY 11795
157;Carola Rodriquez;9433 Heritage Lane, Banning, CA 92220
158;Alane Kennedy;34 Green Lake Street, Spring Valley, NY 10977
159;Regina Burns;713 Buckingham St., Garland, TX 75043
160;Omer Estrada;9 Honey Creek Street, Rowlett, TX 75088
161;Crystle Gilliam;86 Edgewater Road, Smithtown, NY 11787
162;Kam Wilder;500 West Clay Ave., Newburgh, NY 12550
163;Margert Stevens;502 North Poplar St., Rome, NY 13440
164;Tomika Larson;254 Canal St., Woodside, NY 11377
165;Jeromy Burch;889 Mulberry Street, San Jose, CA 95127
166;Lena Mills;42 Homestead St., Woodhaven, NY 11421
167;Loreta Johnston;39 Lafayette Dr., Spring Valley, NY 10977
168;Nettie Mcdaniel;7004 E. Wakehurst St., South Ozone Park, NY 11420
169;Karla Kirk;9718 Harvard Rd., Palos Verdes Peninsula, CA 90274
170;Regine Gonzales;798 Court Drive, Oxnard, CA 93035
171;Miriam Baker;90 Studebaker St., Uniondale, NY 11553
172;Jeanie Kirkland;7643 Old Theatre St., Santa Clara, CA 95050
173;Marquerite Dawson;37 Hamilton Court, Garland, TX 75043
174;Babara Ochoa;872 Smith Store St., Scarsdale, NY 10583
175;Nova Hess;773 South Lafayette St., Duarte, CA 91010
176;Carley Reynolds;2 Snake Hill Drive, South El Monte, CA 91733
177;Carissa Foreman;69C N. Ridge Rd., Maspeth, NY 11378
178;Genoveva Tyler;8121 Windfall Ave., New York, NY 10002
179;Deane Sears;3 Bradford Court, Pittsford, NY 14534
180;Karey Steele;8879 Kent Lane, Farmingdale, NY 11735
181;Olevia Pitts;39 Fieldstone Drive, Redondo Beach, CA 90278
182;Jenniffer Bullock;38 Oxford Avenue, Bay Shore, NY 11706
183;Jeniffer Ratliff;510 Rocky River Court, Floral Park, NY 11001
184;Klara Stanley;603 Mechanic St., Webster, NY 14580
185;Morton Lee;313 Ridge St., San Angelo, TX 76901
186;Ken Charles;9124 W. Piper Lane, Monsey, NY 10952
187;Hedwig Paul;422 Manor Ave., Apple Valley, CA 92307
188;Sharla Flynn;7 Brown Drive, Oxnard, CA 93035
189;Damian Dawson;528 St Margarets Street, Liverpool, NY 13090
190;Toya Pratt;485 San Pablo Drive, Long Beach, NY 11561
191;Graciela Barber;1 E. Young St., Oxnard, CA 93035
192;Bong Hebert;545 Brook St., Torrance, CA 90505
193;Ayanna Rhodes;7425 Pheasant St., Hicksville, NY 11801
194;Dorine Roberson;396 Meadowbrook Lane, Santa Cruz, CA 95060
195;Addie Hahn;8165 Baker Ave., Franklin Square, NY 11010
196;Edythe Valencia;9346 Wall St., North Tonawanda, NY 14120
197;Andy O'neill;9544 Mulberry Drive, Rego Park, NY 11374
198;Luis Tyler;9568 Campfire Circle, Amarillo, TX 79106
199;Clelia Workman;620 North Somerset St., New Windsor, NY 12553
200;Ashely Holmes;45 High Ridge Ave., Farmingdale, NY 11735
201;Candis Harding;33 NW. Cambridge Ave., Ballston Spa, NY 12020
202;Marni Bolton;7469 Plymouth Ave., Lancaster, NY 14086
203;Minerva Decker;794 Greenrose Street, Houston, TX 77016
204;Alpha King;14 Henry Smith St., Rockville Centre, NY 11570
205;Harris Pittman;404 Cherry Hill Road, Jamaica, NY 11432
206;Stephaine Riddle;199 Vermont Court, Brooklyn, NY 11201
207;Michel Blankenship;382 West Hill Dr., Forney, TX 75126
208;Denis Logan;121 Rockcrest Street, Ridgecrest, CA 93555
209;Jutta Everett;27 Taylor Ave., Selden, NY 11784
210;Priscilla Wilkins;653 Pawnee Rd., Albany, NY 12203
211;Gilma Dejesus;777 Thompson Ave., Scarsdale, NY 10583
212;Buford Bridges;239 Oak Valley Court, Troy, NY 12180
213;Elenore Hensley;7037 Aspen St., Hamburg, NY 14075
214;Ross Pugh;8598 Saxon St., North Tonawanda, NY 14120
215;Judith Finley;474 West Bank Road, Whitestone, NY 11357
216;Wai Soto;30 Arch Drive, Bethpage, NY 11714
217;Carline Collier;28 Trenton Lane, Fresno, CA 93706
218;Casey Gill;636 Prospect Avenue, Port Washington, NY 11050
219;Darcie Morgan;476 East Adams Ave., Oceanside, NY 11572
220;Lucio Sherman;842 Corona Ave., Smithtown, NY 11787
221;Clementine Mooney;678 Charles Court, Mcallen, TX 78501
222;Anya Contreras;38 Old Fairground St., East Northport, NY 11731
223;Scarlet Yates;687 Shirley St., Patchogue, NY 11772
224;Moses Pope;654 Theatre Street, Lawndale, CA 90260
225;Barbera Riggs;12 Gartner Drive, Plainview, NY 11803
226;Kiana Rivera;9 Sheffield Dr., Richmond Hill, NY 11418
227;Danielle Bond;8589 Shub Farm Street, Patchogue, NY 11772
228;Whitney Estes;454 Bear Hill Street, Brentwood, NY 11717
229;Molly Langley;63 Bridgeton Street, Holbrook, NY 11741
230;Chelsey Hardin;13 Brickyard Street, Deer Park, NY 11729
231;Jenee Rasmussen;19 George Lane, Sacramento, CA 95820
232;Freddie Mathis;31 Shady St., Euless, TX 76039
233;Mariana Strong;972 Dunbar Dr., Santa Clara, CA 95050
234;Winfred Harris;734 Glen Eagles St., East Meadow, NY 11554
235;Jeromy Elliott;7112 Laurel Street, Bay Shore, NY 11706
236;Verona O'neill;8279 W. Sussex St., Selden, NY 11784
237;Elvera Peck;759 Lakewood Street, Banning, CA 92220
238;Cindi Larson;896 Golden Star Rd., Howard Beach, NY 11414
239;Felice Guzman;7 Creekside Lane, Canyon Country, CA 91387
240;Le Deleon;58 Clark Court, Banning, CA 92220
241;Manie Sanchez;471 Illinois Ave., Queensbury, NY 12804
242;Rutha Howell;9247 Jones Street, Canyon Country, CA 91387
243;Natosha Rowland;51 Elmwood St., Ballston Spa, NY 12020
244;Jessika Bray;37 East Greystone St., San Pablo, CA 94806
245;Delila Hamilton;7451 East James Ave., Palos Verdes Peninsula, CA 90274
246;Dionne Norris;9993 Greenview Circle, Niagara Falls, NY 14304
247;Muriel Juarez;8073 Cemetery Drive, Palos Verdes Peninsula, CA 90274
248;Cecelia Gill;372 Silver Spear Dr., Mcallen, TX 78501
249;Magda Eaton;860 Middle River Street, Ossining, NY 10562
250;Ivonne Yang;7359 North Lake View St., El Paso, TX 79930
251;Kasie Rodriquez;7 North Beech St., Ballston Spa, NY 12020
252;Eleni Gordon;583 W. San Carlos Street, Richmond Hill, NY 11418
253;Maurice Norton;32 Mayflower Dr., Atwater, CA 95301
254;Cristobal Hutchinson;58 Washington Avenue, Lawndale, CA 90260
255;Flossie Holder;8459 W. Newport Court, Massapequa Park, NY 11762
256;Erma Salinas;347 Sheffield St., Merrick, NY 11566
257;Earl Stanley;569 Lake Lane, Elmhurst, NY 11373
258;Maribel William;65 Magnolia Ave., Torrance, CA 90505
259;Johnathan Velazquez;9680 E. Somerset Street, Pleasanton, CA 94566
260;Rodrick Shelton;7157 Addison Street, Canyon Country, CA 91387
261;Ferne Kline;303 Shady St., Fullerton, CA 92831
262;Rubin Decker;9875 Shady Ave., Buffalo, NY 14215
263;Dortha Jarvis;76 Prince Drive, Oceanside, NY 11572
264;Mariela Huffman;531 Fieldstone Road, Garden City, NY 11530
265;Mellisa Farley;21 West Princess St., Central Islip, NY 11722
266;Myung Hooper;951 Mill Road, Elmont, NY 11003
267;Angelina Lloyd;9593 North Sherman Dr., Apple Valley, CA 92307
268;Trinity Riddle;23 Oakland Lane, Ballston Spa, NY 12020
269;Barton Crosby;896 Edgewater St., Bellmore, NY 11710
270;Claudio Wise;810 Oxford Ave., Kingston, NY 12401
271;Katheleen Marks;69 North Tower St., Longview, TX 75604
272;Deja Chaney;52 Woodside Ave., Jamaica, NY 11432
273;Queenie Vance;172 Arcadia Ave., Ozone Park, NY 11417
274;Josh Shaw;212 North Leeton Ridge Street, Hopewell Junction, NY 12533
275;Pinkie Kirkland;18 Myers St., San Angelo, TX 76901
276;Lavette Wright;6 Windsor Street, Ronkonkoma, NY 11779
277;Mark Garrett;285 Rosewood Dr., Monroe, NY 10950
278;Myesha Burgess;306 Trenton Rd., Campbell, CA 95008
279;Justina Long;39 Littleton Ave., South El Monte, CA 91733
280;Brenda Tate;36 Hilltop Street, San Angelo, TX 76901
281;Rayna Perry;7238 Oakland St., Ozone Park, NY 11417
282;Randolph Chase;828 Bridle Ave., San Lorenzo, CA 94580
283;Jaimee Day;7534 Whitemarsh Ave., Poughkeepsie, NY 12601
284;Susann Bass;21 Old Rock Maple Ave., Commack, NY 11725
285;Leola Gould;8 Kirkland St., Astoria, NY 11102
286;Virgil Frost;9798 Beacon St., Levittown, NY 11756
287;Mireille Puckett;378 Purple Finch Drive, Oxnard, CA 93035
288;Keturah Massey;189 Arnold Drive, Banning, CA 92220
289;Charmain Webster;36 East Stonybrook Rd., Richardson, TX 75080
290;Barry Buckner;8779 High Noon Rd., Centereach, NY 11720
291;Boyce Burks;879 Harvey Dr., Sunnyside, NY 11104
292;Monty Frost;76 Foxrun Dr., Hempstead, NY 11550
293;Tiny French;7163 Hall St., Plainview, NY 11803
294;Clementina Sargent;9853 Catherine Road, Rome, NY 13440
295;Danny Kim;74 Essex Drive, South Ozone Park, NY 11420
296;Sophia Mcmillan;8541 S. Pleasant Street, Uniondale, NY 11553
297;Christia Carson;220 Orchard Street, Helotes, TX 78023
298;Jennie Middleton;95 High Noon Dr., Upland, CA 91784
299;Jame Riggs;9237 Hudson Drive, Bay Shore, NY 11706
300;Rayford Simon;998 Whitemarsh Road, Mountain View, CA 94043
301;Annett Garrett;19 Euclid Lane, Scarsdale, NY 10583
302;Hayden Cross;90 Pumpkin Hill St., Apple Valley, CA 92307
303;Rolanda Larsen;5 West University Court, Woodhaven, NY 11421
304;Jayme Zamora;2 Ridge Lane, Springfield Gardens, NY 11413
305;Hope Cotton;9092 Blue Spring Dr., Redondo Beach, CA 90278
306;Vikki Erickson;24 Jones Street, Kingston, NY 12401
307;Fransisca Nicholson;945 Schoolhouse Street, Glendora, CA 91740
308;Mazie Fernandez;583 Harvard Ave., Webster, NY 14580
309;Anderson Martin;9051 Hillside Dr., Canandaigua, NY 14424
310;Gilberto Parsons;8115 North Edgewater Drive, Middle Village, NY 11379
311;Charise Burt;582 Creek St., Fresno, CA 93706
312;Cameron Carroll;9133 South Halifax Ave., Longview, TX 75604
313;Melani Jarvis;8 Tunnel St., Maspeth, NY 11378
314;Javier Nichols;8944 Marconi St., Rowlett, TX 75088
315;Justina Jenkins;8236 Creek St., Baldwin, NY 11510
316;Hortencia Graham;7764 Greenrose Street, Euless, TX 76039
317;Christia Wilkins;7062 Willow Court, Woodside, NY 11377
318;Eliz Whitney;523 Crescent Court, Fullerton, CA 92831
319;Justin Newton;93 Shore Rd., Apple Valley, CA 92307
320;Aron Wiggins;6 Bradford St., Oceanside, NY 11572
321;Chere Hardin;763 Fulton Road, Brooklyn, NY 11201
322;Merideth Preston;794 Rockaway St., Poughkeepsie, NY 12601
323;Jeniffer Slater;30 Old Orange Lane, Schenectady, NY 12302
324;Laureen Paul;617 Squaw Creek Rd., Bellmore, NY 11710
325;Berna Moore;7230 Lafayette Drive, Bronx, NY 10451
326;Shiela Calderon;844 Albany St., Rocklin, CA 95677
327;Sharie Alvarez;987 West Leatherwood Dr., New York, NY 10002
328;Bettie Glover;9083 Addison Dr., Euless, TX 76039
329;Marilyn Frank;8878 Branch Street, Port Chester, NY 10573
330;Sheba Knapp;86 Gates Street, Woodside, NY 11377
331;Aleta Mack;8869 W. Edgemont Lane, Bay Shore, NY 11706
332;Reena Higgins;900 South Columbia Street, Canyon Country, CA 91387
333;Ami Mcmahon;566 Hilldale Drive, Sunnyside, NY 11104
334;Somer Jordan;7046 Helen Avenue, Huntington Station, NY 11746
335;Scarlet Reed;151 S. Myers Court, Bronx, NY 10451
336;Trisha Johnson;59 Wild Horse St., Lancaster, NY 14086
337;Majorie Wyatt;8507 Miller St., South Ozone Park, NY 11420
338;Abbey Pugh;26 Market Drive, Forest Hills, NY 11375
339;Tamela Harrell;7316 Cypress Rd., Central Islip, NY 11722
340;Yanira Bradshaw;7484 Ann Court, Smithtown, NY 11787
341;Delana Scott;7372 Ridgeview St., Mount Vernon, NY 10550
342;Cassondra Pruitt;4 Alderwood Circle, Merrick, NY 11566
343;Jesica Fields;318 Country Dr., Commack, NY 11725
344;Herta Rollins;287 1st Drive, Mountain View, CA 94043
345;Mi Gray;27 Roehampton Dr., Albany, NY 12203
346;Jacalyn Barnett;7537 Swanson Street, Maspeth, NY 11378
347;Kanesha Hudson;8293 Gartner Drive, Oakland, CA 94603
348;Darren Witt;916 Hillcrest Ave., Coachella, CA 92236
349;Mable Pratt;254 SW. Temple Street, Coachella, CA 92236
350;Christoper Mccall;72 Summit St., Bay Shore, NY 11706
351;Margorie Wynn;707 Schoolhouse St., Monsey, NY 10952
352;Josef Greer;92 Summer Court, Jamaica, NY 11432
353;Tisa Whitney;549 Newbridge Dr., Monsey, NY 10952
354;Tonda Armstrong;19 Forest Rd., Sunnyside, NY 11104
355;Arvilla Weiss;477 Blue Spring St., Bay Shore, NY 11706
356;Vashti Rosario;623 Johnson Circle, Bronx, NY 10451
357;Sheri Cole;479 Chapel Court, San Jose, CA 95127
358;Kandace Giles;30 NE. Walt Whitman Drive, Wantagh, NY 11793
359;Angie Powers;6 Rockland Dr., Pomona, CA 91768
360;Van Peters;45 Fifth Dr., Houston, TX 77016
361;Virgina Berg;804 South Purple Finch Drive, Valley Stream, NY 11580
362;Olevia Noel;39 N. Rosewood Dr., Kingston, NY 12401
363;Kaci Gallegos;8573 Halifax St., Ballston Spa, NY 12020
364;Bev Chang;104 Rockville St., Ithaca, NY 14850
365;Rodger Rojas;8442 Cooper Ave., Bayside, NY 11361
366;Lavonne Anderson;9420 Wintergreen Court, Floral Park, NY 11001
367;Blanca Hooper;340 Bald Hill St., Ozone Park, NY 11417
368;Alysha Powers;39 West Marshall Ave., Forest Hills, NY 11375
369;Mary Singleton;474 Amerige Ave., Woodside, NY 11377
370;Jina Cooper;8947 W. Lexington Rd., Howard Beach, NY 11414
371;Loni Duncan;80 Saxton Lane, Rosedale, NY 11422
372;Collene Roman;30 North Argyle Dr., Wappingers Falls, NY 12590
373;Mariette Trevino;4 Border Court, Utica, NY 13501
374;Candelaria Coffey;45 Newport Lane, Merrick, NY 11566
375;Yan Trevino;796 Jefferson Rd., Uniondale, NY 11553
376;Elanor Patrick;51 Howard Ave., Victoria, TX 77904
377;Klara Mosley;518 Devon Court, Port Chester, NY 10573
378;Rosalba O'neal;7517 Pennsylvania St., Mount Vernon, NY 10550
379;Mina Carrillo;8659 Trenton Lane, Uniondale, NY 11553
380;Alesia Horne;9229 Amherst Lane, Selden, NY 11784
381;Kristen Alvarez;9778 North River St., Bronx, NY 10451
382;Collin Webster;475 Cottage Rd., Howard Beach, NY 11414
383;Ashlee Pena;966 Highland St., Whitestone, NY 11357
384;Aimee Merritt;537 East Meadowbrook St., Flushing, NY 11354
385;Rochelle Ward;7855 La Sierra Street, Glendora, CA 91740
386;Nelle Beck;8998 Wakehurst Drive, Upland, CA 91784
387;Kaila Walters;57 Gates Drive, Elmhurst, NY 11373
388;Aleta Stone;8 Elm Dr., Whitestone, NY 11357
389;Leif Short;962 Carpenter Ave., San Angelo, TX 76901
390;Lorrie Pollard;7834 Shore Ave., Ronkonkoma, NY 11779
391;Vernita Ball;126 Arnold Dr., Los Banos, CA 93635
392;Cyndi Bush;18 Smoky Hollow Drive, Elmhurst, NY 11373
393;Gertrude Terry;34 Airport Dr., Upland, CA 91784
394;Virgen Clemons;354 Cactus Drive, South El Monte, CA 91733
395;Fairy Robinson;8837 Joy Ridge St., Liverpool, NY 13090
396;Laverna Hernandez;34 South Longfellow St., Niagara Falls, NY 14304
397;Jeannie Wilcox;7744 Miles Dr., Franklin Square, NY 11010
398;Suellen Mercado;3 Taylor Drive, Sunnyside, NY 11104
399;Bart Hess;799 N. Maiden Street, Kingston, NY 12401
400;Alfredo Dodson;8960 Glenholme Dr., Depew, NY 14043
401;Shaunda Barnett;9366 San Carlos Lane, Longview, TX 75604
402;Kerrie Morton;8772 State St., Pittsford, NY 14534
403;Elouise Fry;49 Bohemia Street, Canyon Country, CA 91387
404;Augustus Steele;7474 N. Orchard St., Ballston Spa, NY 12020
405;Greta Page;8316 Augusta Drive, Commack, NY 11725
406;Kerrie O'neill;69 Wellington Ave., Shirley, NY 11967
407;Dannette Guerrero;68 Carriage Street, San Pablo, CA 94806
408;Edra Fitzgerald;8892 Birchwood St., Central Islip, NY 11722
409;Jerome Bolton;9921 Argyle Street, Carmel, NY 10512
410;Conception Slater;5 Sunset Street, Bellmore, NY 11710
411;Octavia Case;40 Charles Road, New York, NY 10002
412;Dexter Roberts;84 Thatcher Court, Sunnyside, NY 11104
413;Ginette Edwards;9262 NW. Center Ave., Baldwin, NY 11510
414;Romaine Haley;737 Edgefield Drive, Ithaca, NY 14850
415;Gwendolyn Miller;90 Fordham Ave., Harlingen, TX 78552
416;Luke Fuller;576 Cleveland Lane, Hempstead, NY 11550
417;Zoraida Patton;95 Grand Dr., Huntington Station, NY 11746
418;Georgeanna Webster;40 Creekside Circle, Oxnard, CA 93035
419;Krystin Marshall;10 Old Proctor Lane, Poughkeepsie, NY 12601
420;Vince Schneider;473 Corona Ave., Merrick, NY 11566
421;Iola Rasmussen;283 N. Manor Station Dr., Monroe, NY 10950
422;Valery Saunders;42 Marlborough St., Victoria, TX 77904
423;Johna Powers;379 Central Ave., Deer Park, NY 11729
424;Charleen Hurst;87 Country Avenue, Utica, NY 13501
425;Augustina Joyner;7931 Honey Creek Court, Mount Vernon, NY 10550
426;Daisy Ward;45 Silver Spear Ave., Pomona, CA 91768
427;Latonya Dixon;9399 Evergreen Street, Garland, TX 75043
428;Hipolito Padilla;311 E. Rose Avenue, New Rochelle, NY 10801
429;Emmett Casey;893 Logan St., Valley Stream, NY 11580
430;Kandi Mcneil;402 Border Street, Massapequa Park, NY 11762
431;Luciano Marsh;7685 South Willow Drive, Bellmore, NY 11710
432;Julius Holt;386 Lower River Street, East Meadow, NY 11554
433;Holly Nieves;60 Cleveland St., Longview, TX 75604
434;Douglass Little;294 Harvey Drive, Duarte, CA 91010
435;Izola Hobbs;685 Beacon Dr., Woodhaven, NY 11421
436;Honey Camacho;934 2nd St., Bayside, NY 11361
437;Laureen Barry;909 Ridge St., Orchard Park, NY 14127
438;Katharine Herrera;395 SE. Branch St., Queensbury, NY 12804
439;Sunshine Rosario;1 Chestnut Lane, Jamaica, NY 11432
440;Yevette Todd;119 Lakewood Rd., Ballston Spa, NY 12020
441;Dorthea Walker;11 Third St., Port Washington, NY 11050
442;Alane Munoz;8 Strawberry Dr., Yonkers, NY 10701
443;Ayana Keith;182 Thorne Road, Oxnard, CA 93035
444;Caridad Compton;9575 SW. Kingston Court, San Lorenzo, CA 94580
445;Earline Ballard;939 Lyme Road, Mount Vernon, NY 10550
446;Nathanael Bradley;58 Third St., Amsterdam, NY 12010
447;Chasidy Tran;9286 Anderson Street, Vista, CA 92083
448;Janella Bright;7317 Tower Dr., Rochester, NY 14606
449;Josie Schultz;225 Mammoth Street, Canyon Country, CA 91387
450;Ellsworth Michael;9982 White St., Carmel, NY 10512
451;Jennette Wooten;8221 Bow Ridge Lane, Rowlett, TX 75088
452;Cassandra Nichols;4 Glenwood Circle, Hicksville, NY 11801
453;Courtney Wyatt;369 Arrowhead St., Garden City, NY 11530
454;Terese Palmer;8 Sugar Drive, Bay Shore, NY 11706
455;Sherita Cherry;9636 Old Cedarwood Street, Liverpool, NY 13090
456;Serina Hensley;53 Proctor Drive, Jamaica, NY 11432
457;Jeni Farley;4 Mill Lane, Richmond Hill, NY 11418
458;Everett Vega;7859 James Ave., Holbrook, NY 11741
459;Latosha Dalton;59 E. Wintergreen Ave., Bakersfield, CA 93306
460;Romelia Myers;8630 Brook St., Garden City, NY 11530
461;Effie Jenkins;75 South Glen Eagles Court, Brentwood, NY 11717
462;Efren Oliver;9343 1st Rd., Nanuet, NY 10954
463;Jerlene Rios;32 Griffin St., Plainview, NY 11803
464;Bess Mcbride;9832 Winchester St., Garden City, NY 11530
465;Birdie Kramer;311 Newcastle Dr., Troy, NY 12180
466;Collen Hayes;117 Eagle St., Smithtown, NY 11787
467;Clare Neal;8922 Shady Ave., Mahopac, NY 10541
468;Jeanett Herman;839 East Arch Street, Lindenhurst, NY 11757
469;Micki Rutledge;9868 Marvon Street, Richmond Hill, NY 11418
470;Loise Walker;201 Glen Eagles St., Shirley, NY 11967
471;Burma Summers;890 East Elmwood Street, Freeport, NY 11520
472;Myron Ruiz;45 Shadow Brook Lane, Amityville, NY 11701
473;Lashawna Richardson;9920 Purple Finch St., Baldwin, NY 11510
474;Lavern Orr;913 N. Young Street, Webster, NY 14580
475;Alec Peck;4 W. Belmont St., Victoria, TX 77904
476;Christopher Richardson;7846 Windfall Dr., Santa Cruz, CA 95060
477;Arminda Weber;6 Hill Field St., Bellmore, NY 11710
478;Emmett Hahn;7727 6th St., Freeport, NY 11520
479;Gertha Mejia;518 Orchard St., Flushing, NY 11354
480;Garland Weaver;7161 Goldfield Court, Amsterdam, NY 12010
481;Jayson Rutledge;8672 Coffee St., Lake Jackson, TX 77566
482;Narcisa Knapp;435 Dogwood Dr., Amarillo, TX 79106
483;Gayla Sims;98 Hall Street, Lindenhurst, NY 11757
484;Chelsey Boyd;9569 Birchpond Ave., Euless, TX 76039
485;Catherine Miles;7189 Elm Dr., East Elmhurst, NY 11369
486;Valeri Marshall;494 East Brewery Dr., East Meadow, NY 11554
487;Grace Madden;606 East Rocky River St., San Pablo, CA 94806
488;Joaquin Hawkins;3 Oklahoma Lane, Anaheim, CA 92806
489;Kirstie Vazquez;8006 Rockland Ave., Saratoga Springs, NY 12866
490;Yu Mcdonald;784 Pheasant Rd., Ossining, NY 10562
491;Celestine Jacobs;87 Hanover Rd., Massapequa, NY 11758
492;Justa Thompson;43 Manor Ave., Corona, NY 11368
493;Lise Alvarado;9816 Newcastle Dr., Hamburg, NY 14075
494;Pearl Fox;9415 Honey Creek Dr., Uniondale, NY 11553
495;Travis Goodman;65 Rockcrest Dr., Los Banos, CA 93635
496;Shu Mays;996 St Margarets Lane, Astoria, NY 11102
497;Ezra Fowler;16 Pearl St., Nanuet, NY 10954
498;Edda Young;50 S. Airport Street, North Tonawanda, NY 14120
499;Lidia Ashley;8436 Meadow St., Baldwinsville, NY 13027
500;Moira Lester;496 Greystone Court, Jackson Heights, NY 11372
501;Tony Hicks;226 Carriage Street, Anaheim, CA 92806
502;Malinda Baxter;7698 Briarwood Ave., Whitestone, NY 11357
503;Marlo Jefferson;39 Trenton Rd., Niagara Falls, NY 14304
504;Tiana Henderson;62 Orange St., Franklin Square, NY 11010
505;Wilda Petersen;899 Helen St., Jamaica, NY 11432
506;Irving Pitts;346 College Court, Torrance, CA 90505
507;Sheree Pena;822 Virginia Court, Staten Island, NY 10301
508;Vance Taylor;8279 Military Dr., Lancaster, NY 14086
509;Terra Pickett;7822 Depot Avenue, Amsterdam, NY 12010
510;Faustino Delacruz;88 West Greenview Street, South Richmond Hill, NY 11419
511;Julienne Moody;35 South Oxford Rd., Fort Worth, TX 76110
512;Hee Greer;41 North Garfield Ave., Selden, NY 11784
513;Whitney Cash;8 Surrey Street, Hamburg, NY 14075
514;Clarita Curry;661 Tanglewood Street, Hollis, NY 11423
515;Reita Dickson;7506 Mechanic Dr., Scarsdale, NY 10583
516;Rosa Kinney;330 Highland Drive, Brooklyn, NY 11201
517;Buford Gilbert;9 East Ketch Harbour Street, Bellmore, NY 11710
518;Homer Powers;8207 East El Dorado Ave., Palos Verdes Peninsula, CA 90274
519;Rudolf Gilliam;17 Marlborough Circle, Palos Verdes Peninsula, CA 90274
520;Andreas Herman;456 Rock Creek Street, Mount Vernon, NY 10550
521;Max Charles;695 St Paul Street, Glen Cove, NY 11542
522;Tammera Fischer;405 Olive St., Oakland, CA 94603
523;Joshua Robertson;81 Campfire Court, Patchogue, NY 11772
524;Larraine Horn;368 South Summerhouse Dr., Utica, NY 13501
525;Andreas Mayer;8577 Galvin Circle, New Rochelle, NY 10801
526;Lazaro Moran;83 E. Buttonwood Street, Sugar Land, TX 77478
527;Afton Juarez;8330 Riverview Drive, Coram, NY 11727
528;Angele Schroeder;33 S. Shadow Brook Street, New City, NY 10956
529;Ellena Clements;7918 Mulberry Street, Santa Monica, CA 90403
530;Selene Austin;9042 Linda Circle, Duarte, CA 91010
531;Kimberely Bowen;88 Belmont Street, Troy, NY 12180
532;Mia Delgado;850 Wakehurst Drive, Coachella, CA 92236
533;Garret Clay;9516 College Drive, Corpus Christi, TX 78418
534;Alejandro Haney;3 Griffin Street, Wantagh, NY 11793
535;Inge Olsen;295 Iroquois Rd., Long Beach, NY 11561
536;Christiane Bradford;9043 Woodland Ave., Orchard Park, NY 14127
537;Carter Bentley;145 North Bridle Ave., Carmel, NY 10512
538;Sherie Ayala;5 Beech Ave., South El Monte, CA 91733
539;Jamika Acevedo;8027 NW. Poplar St., Ozone Park, NY 11417
540;Shery Randolph;602 Laurel Street, Ontario, CA 91762
541;Lanita Burton;8980 Aspen Avenue, Coachella, CA 92236
542;Timothy Byers;8645 Devonshire Lane, Ronkonkoma, NY 11779
543;Jasmin Young;337 Beach Street, Helotes, TX 78023
544;Catarina Mendez;444 Hanover Court, West Islip, NY 11795
545;Tajuana Rollins;724 N. Glen Creek Street, Oswego, NY 13126
546;Thad Castro;71 Surrey Ave., Brentwood, NY 11717
547;Tena Huber;185 East Littleton St., Newburgh, NY 12550
548;Dori Alvarez;8208 Brandywine St., Kingston, NY 12401
549;Elmo Arnold;7616 Lyme Rd., Long Beach, NY 11561
550;Felicidad Golden;9712 Coffee Ave., Lockport, NY 14094
551;Jenine Crane;7381 Alderwood Drive, Fort Worth, TX 76110
552;Lea Key;7 Ocean St., Banning, CA 92220
553;Rory Cooper;459 West Street, Rocklin, CA 95677
554;Hilde Nieves;9437 Fordham Lane, Campbell, CA 95008
555;Marry Benjamin;33 Amerige Street, Forney, TX 75126
556;Vernell Goff;77 Cobblestone St., Monroe, NY 10950
557;Erlene Cook;89 Blue Spring Street, Mount Vernon, NY 10550
558;Carroll Kelly;346 Grant Circle, Monroe, NY 10950
559;Basilia Thornton;9033 Pine Dr., Brentwood, NY 11717
560;Tricia Daniels;8628 Crescent Court, Forney, TX 75126
561;Kandace Hughes;482 Ryan Ave., San Lorenzo, CA 94580
562;Alejandro Norman;8918 Marsh Lane, Upland, CA 91784
563;Rodney Odom;7782 North Deerfield Lane, Richmond Hill, NY 11418
564;Bettie Pierce;787 North Vernon Lane, Farmingdale, NY 11735
565;Dagny Owen;8028 Thompson Drive, San Angelo, TX 76901
566;Cinthia Poole;7 Central Ave., Lake Jackson, TX 77566
567;Sheila Travis;9285 Front St., Longview, TX 75604
568;Arcelia Vinson;40 Dogwood St., West Islip, NY 11795
569;Lucas Estes;99 Old Church St., Santa Monica, CA 90403
570;Marissa Summers;81 Carpenter St., Saint Albans, NY 11412
571;Kaley Blanchard;74 Evergreen Court, Palos Verdes Peninsula, CA 90274
572;Wm Pope;212 Marsh Court, Auburn, NY 13021
573;Rubye Mccall;71 Sherwood Dr., Troy, NY 12180
574;Adriene Rivera;973 Yukon Avenue, Encino, CA 91316
575;Laurence Christian;2 Maple St., Jamaica, NY 11432
576;Shirely Stanley;73 White Avenue, El Paso, TX 79930
577;Danille Mcfarland;14 Tailwater St., Rocklin, CA 95677
578;Salena Day;8067 Park Court, San Lorenzo, CA 94580
579;Matilda Larson;336 Saxon Court, Harlingen, TX 78552
580;Mellisa Kim;17 Lyme Dr., Los Angeles, CA 90008
581;Vonda Berger;615 S. Proctor Ave., Santa Clara, CA 95050
582;Soledad Moses;85 Hickory Ave., Jackson Heights, NY 11372
583;Lashandra Turner;11 Marlborough Rd., Long Beach, NY 11561
584;Lynne Anderson;325 Inverness St., El Paso, TX 79930
585;Chasidy Webster;8296 S. Lookout Lane, Rocklin, CA 95677
586;Ulysses Gaines;22 Gregory Lane, Monsey, NY 10952
587;Euna Lopez;7979 South Mountainview Ave., Carmel, NY 10512
588;Cherelle Key;7739 Snake Hill Lane, Valley Stream, NY 11580
589;Jeffry Church;426 Grandrose Ave., Pleasanton, CA 94566
590;Cyndi Dyer;313 West Argyle Ave., Baldwin, NY 11510
591;Danilo Holmes;657 Manor Station Dr., Hicksville, NY 11801
592;Joni Lee;8573 Proctor Street, Centereach, NY 11720
593;Antony Atkinson;680 East Birchwood Lane, Smithtown, NY 11787
594;Deanne Parsons;76 Amherst Drive, Lindenhurst, NY 11757
595;Frederica Rojas;7835 West Jockey Hollow Rd., Ithaca, NY 14850
596;Emelda Dickerson;7457 6th St., Hamburg, NY 14075
597;Rudolf Moran;5 Birchwood Rd., Maspeth, NY 11378
598;Benito Hendrix;676 S. Bowman Lane, Depew, NY 14043
599;Jonell Rivas;8415 East High Point St., Amarillo, TX 79106
600;Joi Reeves;9101 Williams Court, San Diego, CA 92111
601;Leland Mcdowell;8034 E. Washington Lane, Encino, CA 91316
602;Delaine Estes;8916 Hartford Rd., Amarillo, TX 79106
603;Genevieve Juarez;93 Goldfield Drive, New Hyde Park, NY 11040
604;Kylee Dickson;7908 Sherwood Street, Amityville, NY 11701
605;Renita Henry;474 Woodland Ave., New Rochelle, NY 10801
606;Sarah Kirkland;42 N. Glendale Avenue, Wappingers Falls, NY 12590
607;Paul Lester;275 Clay St., Vista, CA 92083
608;Taisha Vang;660 East Foster Lane, Shirley, NY 11967
609;Eliana Reese;7079 NE. Cross Drive, Woodhaven, NY 11421
610;Leonore Dorsey;8213 South Branch Avenue, Jackson Heights, NY 11372
611;Ashleigh Frank;9008 Plymouth Street, Levittown, NY 11756
612;Gabriel Wagner;7921 Manhattan Ave., Ballston Spa, NY 12020
613;Margene Eaton;43 Sugar Street, Wantagh, NY 11793
614;Toshia Cardenas;878 Bayberry Street, Amsterdam, NY 12010
615;Jamika Blanchard;420 Cambridge Street, Fresh Meadows, NY 11365
616;Shery Acosta;17 Canal Ave., Saratoga Springs, NY 12866
617;Jenna Saunders;4 Young St., Yorktown Heights, NY 10598
618;Skye Pope;121 S. Bay Meadows Ave., Richmond Hill, NY 11418
619;Ana Palmer;7 Buckingham St., Anaheim, CA 92806
620;Eric Hardin;39 S. Parker Drive, Jamaica, NY 11432
621;Basil Ballard;7477 Belmont Ave., San Lorenzo, CA 94580
622;Gabriel Pitts;8462 Marshall Drive, Clifton Park, NY 12065
623;Cayla Johnson;7091 Rockaway Avenue, Coram, NY 11727
624;Sharika Colon;509 Henry Smith St., Long Beach, NY 11561
625;Donnetta Henson;2 Tallwood Drive, Webster, NY 14580
626;Leigh Burke;7651 Creek St., Schenectady, NY 12302
627;Deloris Larson;242 Branch Street, Duarte, CA 91010
628;Ehtel Cobb;741 Rockville Drive, Lockport, NY 14094
629;Evelina Byrd;628 S. Church St., Buffalo, NY 14215
630;Zulema Browning;12 NW. Lafayette St., Amsterdam, NY 12010
631;Tressa Weiss;52 Wild Rose Avenue, Ossining, NY 10562
632;Yvette Rogers;3 SE. Oklahoma Drive, Franklin Square, NY 11010
633;Kiara Deleon;164 Addison Drive, Anaheim, CA 92806
634;Taylor Cole;9408 Holly Lane, Carmel, NY 10512
635;Myrtie James;566 North Livingston Ave., Merrick, NY 11566
636;Ashton Lott;609 Windfall Lane, Floral Park, NY 11001
637;Kara Higgins;758 Jennings Street, Ossining, NY 10562
638;Tomeka Higgins;591 W. Corona St., Poughkeepsie, NY 12601
639;Ronald Parsons;268 Pin Oak Rd., Maspeth, NY 11378
640;Allison Nolan;7421 Victoria St., New City, NY 10956
641;Derrick Marks;7247 East Prairie Lane, Glendora, CA 91740
642;Yang Roth;234 E. Shub Farm Ave., Webster, NY 14580
643;Melba Wilkinson;255 Harvard Dr., Floral Park, NY 11001
644;Valentin Mclaughlin;56 Squaw Creek Street, Lindenhurst, NY 11757
645;Lewis Garner;9550 East Greenrose St., Brentwood, NY 11717
646;Ann Heath;413 East St., South El Monte, CA 91733
647;Janelle Maldonado;34 Mammoth Street, Richmond Hill, NY 11418
648;Catrice Hicks;403 Inverness Street, San Pablo, CA 94806
649;Eli Contreras;35 Highland Ave., Ronkonkoma, NY 11779
650;Rita Bailey;69 Glenwood Street, Ossining, NY 10562
651;Laure Pena;9849 West Elmwood St., Wappingers Falls, NY 12590
652;Tilda Melton;237 Elmwood Drive, Troy, NY 12180
653;Florencio Davenport;8759 Brookside Ave., Jamestown, NY 14701
654;Eun Harris;623 Jones St., San Diego, CA 92111
655;Marylyn Browning;915 Lakeshore Street, Scarsdale, NY 10583
656;Romana Barnes;9776 Shipley Rd., Floral Park, NY 11001
657;Sam Lester;563 South Beacon Lane, Baldwin, NY 11510
658;Nicki Larson;8317 West Leatherwood Dr., Monsey, NY 10952
659;Antonetta Rocha;9858 Newcastle St., Port Chester, NY 10573
660;Shara Pope;194 Amherst Dr., Ridgecrest, CA 93555
661;Trena Hudson;135 Grand Ave., Monroe, NY 10950
662;Loraine Sykes;9239 Windsor Ave., Scarsdale, NY 10583
663;Alissa Hood;8032 Maple Drive, New Windsor, NY 12553
664;Augustus Schmidt;624 Jones Dr., Corona, NY 11368
665;Stacie Sims;47 Orange Ave., Oakland, CA 94603
666;Brittni Green;842 El Dorado Lane, Floral Park, NY 11001
667;Etsuko Garrison;1 Arrowhead Street, Richmond Hill, NY 11418
668;Calandra Stanton;36 Livingston Dr., Lake Jackson, TX 77566
669;Willis Randolph;332 Constitution St., Harlingen, TX 78552
670;Shawnda Glover;138 Belmont Ave., Liverpool, NY 13090
671;Jennette Baker;798 Marvon St., Banning, CA 92220
672;Elma Molina;8565 Devon Ave., New Rochelle, NY 10801
673;Adam Henderson;167 James St., Los Banos, CA 93635
674;Ira Moore;1 Pineknoll Court, Saratoga Springs, NY 12866
675;Kermit Bowman;3 Airport Street, El Paso, TX 79930
676;Gayle Wilkinson;4 Riverside Ave., Lindenhurst, NY 11757
677;Launa Hull;936 Grove Street, Helotes, TX 78023
678;Myron Johns;5 N. Woodsman Rd., Whitestone, NY 11357
679;Tuan Wolfe;7641 Oak Meadow Dr., West Babylon, NY 11704
680;Mathilda Pennington;14 S. Argyle Ave., New City, NY 10956
681;Reatha Perez;9917 1st St., Holbrook, NY 11741
682;Arnita Thomas;154 2nd St., Orchard Park, NY 14127
683;Amparo Burks;7781 Augusta St., Merrick, NY 11566
684;Jenny Bell;38 Crescent St., Niagara Falls, NY 14304
685;Laverne Craft;829 N. Pierce Street, Forest Hills, NY 11375
686;Darcel Harmon;966 Hickory Street, Santa Clara, CA 95050
687;Cecilia Camacho;682 Mountainview Rd., Desoto, TX 75115
688;Pearlie Cochran;23 Homewood Rd., Campbell, CA 95008
689;Deirdre Ryan;83 Jefferson Lane, Utica, NY 13501
690;Yevette Elliott;182 Euclid Street, Jackson Heights, NY 11372
691;Ladawn Downs;7452 S. Airport Court, Houston, TX 77016
692;Dorothea Chang;75 Oak Ave., Astoria, NY 11102
693;Merlin Foreman;8198 North Rockaway St., Hempstead, NY 11550
694;Lanie Dunn;7583 Pilgrim Ave., North Tonawanda, NY 14120
695;Christoper Gould;8718 South Constitution St., Shirley, NY 11967
696;Norine Huffman;363 Dunbar Drive, Encino, CA 91316
697;Alane Mccarty;8254 Hilldale Street, San Diego, CA 92111
698;Charleen Joyner;735 N. John Dr., Corona, NY 11368
699;Zella Fernandez;8 Marshall Dr., Rockville Centre, NY 11570
700;Collene Knox;7 North Branch Lane, Corpus Christi, TX 78418
701;Alysia Nicholson;868 Trusel St., Oxnard, CA 93035
702;Sharie Whitaker;7 Bayport Lane, Merrick, NY 11566
703;Diana Cobb;558 Vale St., Fullerton, CA 92831
704;Morton Barron;542 Circle Rd., Bakersfield, CA 93306
705;Camille Harvey;859 Beaver Ridge Ave., Huntington, NY 11743
706;Lolita O'neill;36 Prairie Dr., Massapequa Park, NY 11762
707;Terese Briggs;16 N. Oak Valley St., Woodside, NY 11377
708;Majorie Glover;4 Garden Ave., Apple Valley, CA 92307
709;Vinnie Chan;8750 Surrey St., Forest Hills, NY 11375
710;Ezra Silva;8629 Catherine Rd., New Windsor, NY 12553
711;Jovita Bishop;8123 Wild Horse St., Staten Island, NY 10301
712;Kecia Olsen;8389 Central St., Santa Cruz, CA 95060
713;Ilona Spears;984 Canterbury Lane, Port Jefferson Station, NY 11776
714;Senaida Thompson;578 Golf Drive, Bronx, NY 10451
715;Larae Carney;9322 Glen Ridge Dr., Sunnyside, NY 11104
716;Sebrina Hart;7679 Pacific St., Coram, NY 11727
717;Kristofer Craig;6 Delaware Lane, Plainview, NY 11803
718;Luciana Mcgee;8002 Cross St., Selden, NY 11784
719;Nicki Fry;950 Snake Hill Lane, Endicott, NY 13760
720;Devin Shaffer;382 Third Ave., Rochester, NY 14606
721;Erlinda Osborne;148 Elm St., West Islip, NY 11795
722;Camila Carroll;72 Shub Farm Avenue, San Antonio, TX 78213
723;Vicki Wiggins;71 Broad Ave., Wappingers Falls, NY 12590
724;Lois Steele;7501 South Marlborough Street, Ossining, NY 10562
725;Carola Mcpherson;578 Shirley Dr., Rego Park, NY 11374
726;Rochell Cantrell;437 Water Dr., Port Jefferson Station, NY 11776
727;Kasha Sullivan;48 Foster Rd., Scarsdale, NY 10583
728;Viva Dawson;446 Princess Ave., Orchard Park, NY 14127
729;Hue Dalton;7940 Oakwood Street, Apple Valley, CA 92307
730;Andria Rivers;183 Ohio Ave., Amarillo, TX 79106
731;Hilary Savage;696 Howard Court, Oxnard, CA 93035
732;Lavona Austin;926 South Euclid St., Utica, NY 13501
733;Doreatha Ford;9413 Ryan Ave., Huntington, NY 11743
734;Alina Mcleod;20 Winchester Street, Patchogue, NY 11772
735;Aide Franco;8017 Lake Forest St., Atwater, CA 95301
736;Genny Hensley;8849 Marconi Ave., Redondo Beach, CA 90278
737;Melita Dominguez;9903 Santa Clara Lane, Auburn, NY 13021
738;Fannie Jenkins;7858 E. Pawnee Dr., Oxnard, CA 93035
739;Bobbi Banks;396 Wagon Rd., Bayside, NY 11361
740;Gwenn Melton;9545 Wakehurst Drive, Centereach, NY 11720
741;Laci Castro;130 Birchpond Street, Saint Albans, NY 11412
742;Evelina Manning;7515 Spring St., Mount Vernon, NY 10550
743;Tania Swanson;8646 Glen Eagles Ave., Longview, TX 75604
744;Laurel Schultz;812 E. 1st Lane, Mount Vernon, NY 10550
745;Carolyne Conley;431 Lees Creek Drive, Floral Park, NY 11001
746;Eldridge Greer;131 E. Madison St., Central Islip, NY 11722
747;Margret Barnett;7509 Depot Rd., Forney, TX 75126
748;Oliva Blackwell;54 Ramblewood St., Elmhurst, NY 11373
749;Oralia Farley;747B E. Coffee Street, Upland, CA 91784
750;Romaine Salazar;7700 Wentworth Rd., Monsey, NY 10952
751;Hermila Mckay;23 Garfield Dr., Coachella, CA 92236
752;Lloyd Miranda;9098 Jennings St., Encino, CA 91316
753;Mandi Gibbs;80 Sycamore Drive, East Elmhurst, NY 11369
754;Hue May;19 S. Lawrence Dr., Valley Stream, NY 11580
755;Tomika Wilder;142 South Ocean St., New Hyde Park, NY 11040
756;Graig Roth;7516 Wrangler Street, West Babylon, NY 11704
757;Lamar Greer;7909 Golden Star Ave., Levittown, NY 11756
758;Raymonde Garcia;55 NE. North St., Queensbury, NY 12804
759;Cira Downs;672 Sussex Ave., Oakland, CA 94603
760;Marisa Chambers;15 E. Rock Creek Ave., Amityville, NY 11701
761;Rod Hatfield;7090 Bridge Dr., Ronkonkoma, NY 11779
762;Quyen Houston;7758 Homewood Dr., Central Islip, NY 11722
763;Han Schneider;40 Holly Street, Elmhurst, NY 11373
764;Terrell Mathis;9320 Center Ave., Selden, NY 11784
765;Spring Hayes;8591 Wentworth St., Ossining, NY 10562
766;Lecia Hancock;9167 Pineknoll St., Schenectady, NY 12302
767;Twana Arnold;47 North Fairground Lane, Anaheim, CA 92806
768;Yvone Yates;9269 Blue Spring Ave., San Pablo, CA 94806
769;Agatha Melton;89 East Illinois Street, Springfield Gardens, NY 11413
770;Lavonda Stephenson;37 Birchwood Dr., Bay Shore, NY 11706
771;Agnes Sims;170 Queen Lane, Buffalo, NY 14215
772;Latricia Lindsey;288 Campfire Dr., Yorktown Heights, NY 10598
773;Yolando Wade;310 Wilson Ave., Massapequa, NY 11758
774;Nenita Mooney;10 W. Bishop Street, Lawndale, CA 90260
775;Kermit Hyde;87 SE. Carson St., Patchogue, NY 11772
776;Angelique Merrill;8490 West High Noon Ave., South El Monte, CA 91733
777;Ilda Roberson;8853 Lake St., Kingston, NY 12401
778;Corrinne Garrison;81 East Glenwood Ave., Victoria, TX 77904
779;Major Merrill;78 Thatcher Court, Astoria, NY 11102
780;Ouida Gregory;7984 8th Street, Merrick, NY 11566
781;Tajuana Riddle;24 St Margarets Ave., Bayside, NY 11361
782;Ricki Bullock;79 Pennington Rd., Woodside, NY 11377
783;Celestine Kent;697 Fordham Street, Lancaster, NY 14086
784;Debbra Jacobson;8316 West Bedford Ave., Ballston Spa, NY 12020
785;Kandis Mills;64 Beechwood Drive, Hamburg, NY 14075
786;Wallace Lane;901 Liberty St., South Richmond Hill, NY 11419
787;Malisa Mitchell;87 Ridgewood Court, Mount Vernon, NY 10550
788;Lilliam Nolan;8976 Berkshire Court, Copperas Cove, TX 76522
789;Tad Gardner;9745 E. Wilson St., Niagara Falls, NY 14304
790;Petronila Gallegos;8053 Aspen St., Howard Beach, NY 11414
791;Yun Nelson;529 Durham Street, Ballston Spa, NY 12020
792;Edgar Horn;7270 W. Cherry Hill Lane, West Babylon, NY 11704
793;Chantay Maynard;7483 1st Ave., Elmhurst, NY 11373
794;Donette Mccarthy;500 NW. Maiden Dr., Redondo Beach, CA 90278
795;Mariam Miranda;18 East Washington Avenue, Franklin Square, NY 11010
796;Rosalie Coffey;789 Amerige Dr., Upland, CA 91784
797;Cathey Lamb;9621 Ryan Drive, Bayside, NY 11361
798;Alyse Jacobson;10 West Devon Lane, Massapequa Park, NY 11762
799;India Barron;834 W. Pleasant Rd., Huntington, NY 11743
800;Cris Dunn;1 Pawnee Street, Pittsford, NY 14534
801;Ophelia Rodgers;133 Joy Ridge Drive, Hopewell Junction, NY 12533
802;Barrett Sanders;32 Hawthorne St., Longview, TX 75604
803;Bernardina Cooper;223 Glen Creek Ave., Whitestone, NY 11357
804;Douglas Richards;221 Arcadia Lane, Valley Stream, NY 11580
805;Phillis Fowler;8976 N. Hall Street, Clifton Park, NY 12065
806;Reyes Merritt;48 Lexington Rd., Staten Island, NY 10301
807;Nathalie Knowles;4 Cactus Street, West Islip, NY 11795
808;Vallie Dixon;85 E. Ann Drive, Rowlett, TX 75088
809;Elnora Simpson;7157 Shore Ave., Bellmore, NY 11710
810;Ivelisse Nixon;782 Boston Ave., Houston, TX 77016
811;Shanti Johnston;722 Alderwood Drive, Staten Island, NY 10301
812;Martha Burgess;9631 St Margarets Lane, Woodhaven, NY 11421
813;Neville Mcclain;781 Buttonwood Ave., West Hempstead, NY 11552
814;Ghislaine Compton;8930 Princess St., Lindenhurst, NY 11757
815;Leanna Manning;39 E. Stillwater Ave., Hicksville, NY 11801
816;Marshall Johnson;44 Greenview St., Vista, CA 92083
817;Zelda Pratt;74 Trusel Drive, Lancaster, NY 14086
818;Joel Wynn;7 North Oak Ave., San Diego, CA 92111
819;Yahaira Robertson;142 Roehampton Dr., Endicott, NY 13760
820;Sandy Mills;333 Olive Ave., Schenectady, NY 12302
821;Cassidy Clark;9879 Old Kingston Road, Astoria, NY 11102
822;Kristy Watkins;977 South Brook Ave., Howard Beach, NY 11414
823;Tina Bush;8038 Bellevue Street, Maspeth, NY 11378
824;Veronika Rollins;94 Arnold Ave., Webster, NY 14580
825;Kristel Byrd;9967 Piper Street, Hicksville, NY 11801
826;Shay Stephenson;9569 4th Lane, Smithtown, NY 11787
827;George Pickett;691 Rocky River St., Sunnyside, NY 11104
828;Renato Morton;8526 Sherwood Street, Mount Vernon, NY 10550
829;Marcy Rodriguez;97 Trusel Drive, Lockport, NY 14094
830;Edmund Gaines;8643 Gartner St., Copperas Cove, TX 76522
831;Lory Berg;64 Vine Drive, Oswego, NY 13126
832;Pamala Fowler;399 Leatherwood St., Ballston Spa, NY 12020
833;Leone Emerson;460 Smith Store Ave., Whitestone, NY 11357
834;Brain Skinner;8676 Ketch Harbour Ave., Euless, TX 76039
835;Roseanne Maynard;219 Old Paris Hill Dr., Euless, TX 76039
836;Corinna Adams;38 Trenton Court, Rosedale, NY 11422
837;Kellye Campbell;75 Marsh St., Baldwinsville, NY 13027
838;Erna Sloan;9449 Fifth Avenue, Howard Beach, NY 11414
839;Carolann Russell;9308 Selby Ave., Glen Cove, NY 11542
840;Gilbert Calhoun;7339 Summer Drive, East Elmhurst, NY 11369
841;Manie Maxwell;85 Brickell Ave., Ronkonkoma, NY 11779
842;Giselle Robles;9747 N. El Dorado Dr., San Angelo, TX 76901
843;Tessie Farmer;870 Cottage Ave., Plattsburgh, NY 12901
844;Felica Munoz;24 West Rockwell Dr., South Ozone Park, NY 11420
845;Kathyrn Bush;90 Devon St., Bronx, NY 10451
846;Sylvester Chan;659 Arcadia Street, Rocklin, CA 95677
847;Lizette Ellison;865 Sunbeam Street, Port Washington, NY 11050
848;Ernestina Skinner;52 Spring Drive, Elmhurst, NY 11373
849;Phyllis Hill;576 Devon Ave., Syosset, NY 11791
850;Stephanie Browning;9156 Lantern St., Rowlett, TX 75088
851;Arlena Buckner;629 Locust Ave., New Hyde Park, NY 11040
852;Lezlie Thompson;73 Vernon St., Freeport, NY 11520
853;Brittney Rojas;2 E. Overlook Ave., Kingston, NY 12401
854;Phylis Adkins;7781 James Ave., New York, NY 10002
855;Lean Stark;215 Old Pumpkin Hill St., Upland, CA 91784
856;Lara Guy;9809 E. Walnut Drive, Ronkonkoma, NY 11779
857;Inga Koch;8445 South New Court, New Windsor, NY 12553
858;Klara Kim;9660 Sherman Lane, Rome, NY 13440
859;Julianne Shannon;28 Applegate Street, Sugar Land, TX 77478
860;Loni Mullen;55 Thompson Avenue, South Ozone Park, NY 11420
861;Olympia Figueroa;587 Surrey St., Hopewell Junction, NY 12533
862;Mellie Puckett;64 Van Dyke St., Fresh Meadows, NY 11365
863;Shonta Preston;74 Division St., Utica, NY 13501
864;Lore Sykes;7050 Beach Drive, Buffalo, NY 14215
865;Julia Joyner;2 Valley View Dr., Astoria, NY 11102
866;Lynwood Jackson;9449 Linda Street, Longview, TX 75604
867;Rosalva Hamilton;9883 Cedar Dr., Campbell, CA 95008
868;Domingo Casey;8665 Cypress Street, San Jose, CA 95127
869;Rodrigo Durham;82 Old Church Road, Richmond Hill, NY 11418
870;Dwain Carlson;951 North Trusel Ave., Smithtown, NY 11787
871;Erlinda Humphrey;532 South Victoria St., New Windsor, NY 12553
872;Silas Tate;9754 53rd Court, Corpus Christi, TX 78418
873;Patience Clayton;68 Chestnut Dr., Niagara Falls, NY 14304
874;Mila Good;812 East Longbranch Ave., Plattsburgh, NY 12901
875;Tanesha Sawyer;9B Kingston Lane, Rosedale, NY 11422
876;Onita Macdonald;94 Wood St., Glen Cove, NY 11542
877;Janine Manning;9118B Campfire St., Howard Beach, NY 11414
878;Melodie Melton;12 S. 8th Road, Smithtown, NY 11787
879;Ethelyn Ray;80 South Sutor Lane, Garden City, NY 11530
880;Phebe Turner;4 West York Street, Sunnyside, NY 11104
881;Chloe Patel;407 Homewood Street, Santa Monica, CA 90403
882;Hilda Harvey;9808 W. Cleveland Ave., Ballston Spa, NY 12020
883;Gilberte Duke;12 Birchwood Dr., El Paso, TX 79930
884;Willian Hardin;836 West Street, Oswego, NY 13126
885;Janna Hayden;32 Hilldale Street, Longview, TX 75604
886;Letisha May;9965 Princeton Lane, North Tonawanda, NY 14120
887;Graig Cannon;36 Oklahoma Ave., Syosset, NY 11791
888;Coleen Navarro;990 Broad Rd., Webster, NY 14580
889;Lucilla Williams;42 Cedar Street, San Carlos, CA 94070
890;Rosanne George;38 Pleasant St., Ossining, NY 10562
891;Ashlie Parrish;48 Mill Drive, Monsey, NY 10952
892;Alissa Craft;249 Maple Street, Ossining, NY 10562
893;Letty Cobb;8652 Wellington Street, Depew, NY 14043
894;Nathaniel Richard;3 Nicolls Lane, New Windsor, NY 12553
895;Elaina Key;1 Main St., Plainview, NY 11803
896;Stefani Gamble;9119 W. Victoria St., New City, NY 10956
897;Bettyann Acosta;7949 Chapel St., Lancaster, NY 14086
898;Crysta Velez;64 South Front Street, Houston, TX 77016
899;Carisa Carpenter;551 Belmont Lane, Victoria, TX 77904
900;Jule Davenport;19 River St., San Carlos, CA 94070
901;Lonna Franks;667 Brickyard Street, Ontario, CA 91762
902;Elease Dejesus;7800 Magnolia Street, Oswego, NY 13126
903;Maira Long;7587 Bear Hill Street, Hicksville, NY 11801
904;Jana Thomas;283 E. Spring Dr., San Jose, CA 95127
905;Hae Ramirez;9367 Lake Street, Baldwinsville, NY 13027
906;Erik Leblanc;7 East Nut Swamp Street, Sugar Land, TX 77478
907;Daina Sampson;556 Wellington St., Longview, TX 75604
908;Delmar Wise;8355 Kingston Avenue, Lockport, NY 14094
909;Alita Salinas;8550 Bear Hill Ave., Uniondale, NY 11553
910;Elenore William;23 Rockland St., Mcallen, TX 78501
911;Nikita Roy;9703 N. Snake Hill St., Pittsford, NY 14534
912;Inocencia Key;36 Wild Rose Ave., Massapequa Park, NY 11762
913;Liliana Kerr;3 Cherry Drive, Desoto, TX 75115
914;Hortencia O'neil;1 Gulf Rd., Rockville Centre, NY 11570
915;Beryl Bennett;9563 Edgemont St., Sacramento, CA 95820
916;Alishia Elliott;8905 Courtland Ave., Mount Vernon, NY 10550
917;Vernia Madden;5 Iroquois Street, Troy, NY 12180
918;Kristel Bullock;7292 Armstrong Drive, Smithtown, NY 11787
919;Ruthanne Hoover;835 Paris Hill Road, Torrance, CA 90505
920;James Robles;9 Chapel Lane, North Tonawanda, NY 14120
921;Evelin Vargas;7049 Pin Oak Ave., Webster, NY 14580
922;Elvia Cardenas;8 Paris Hill St., Massapequa, NY 11758
923;Randee Pitts;7371B Essex Street, Canyon Country, CA 91387
924;Lea Irwin;845 Adams Lane, New Windsor, NY 12553
925;Bryce Monroe;52 Cooper Lane, Kingston, NY 12401
926;Katina Mcintosh;263 Swanson Dr., Bakersfield, CA 93306
927;Guillermo Hart;81 Indian Summer Drive, New York, NY 10002
928;Joann Barber;8945 Courtland Street, Santa Monica, CA 90403
929;Thurman Ellis;20 Augusta Road, Pleasanton, CA 94566
930;Delana Wagner;8499 Mill Pond Road, Clifton Park, NY 12065
931;Porter Bass;370 North Alderwood Dr., San Angelo, TX 76901
932;Yvonne Bean;20 W. Marsh Ave., Wappingers Falls, NY 12590
933;Lurline Rivers;69 Pine Street, Howard Beach, NY 11414
934;Ocie Slater;7799 W. Bohemia Dr., Hamburg, NY 14075
935;Genevie Miles;45 West Sulphur Springs Ave., Monroe, NY 10950
936;Sherilyn Wilcox;905 North Buckingham Lane, Ossining, NY 10562
937;Aida Koch;9778 3rd Drive, West Hempstead, NY 11552
938;Emory O'connor;34 Foxrun Street, Rochester, NY 14606
939;Maximina Hutchinson;53 Stillwater Avenue, Corpus Christi, TX 78418
940;Marina Hinton;7440 North Oxford St., Encino, CA 91316
941;Danyell Dickerson;8306 Fieldstone Dr., Central Islip, NY 11722
942;Davis Long;929 Elmwood Dr., Lancaster, NY 14086
943;Lynn Mcmahon;9 Surrey St., Scarsdale, NY 10583
944;Tonja Henderson;82 Alton St., Scarsdale, NY 10583
945;Krissy Ochoa;80 Queen Ave., Port Washington, NY 11050
946;Angella Bridges;8708 Sycamore St., Pittsford, NY 14534
947;Angele Castro;15 Acacia Drive, Palos Verdes Peninsula, CA 90274
948;Siobhan Lang;3 Monroe Lane, Levittown, NY 11756
949;Venessa Frost;621 West School Rd., Scarsdale, NY 10583
950;Verna Solis;7 Lincoln Lane, Rochester, NY 14606
951;Steve Bender;908 N. Pennington Dr., Scarsdale, NY 10583
952;Aileen Marquez;8899 Newbridge Street, Torrance, CA 90505
953;Kattie Stevenson;52 Carson Street, Helotes, TX 78023
954;Hassan Nash;8105 University Lane, Hicksville, NY 11801
955;Delfina Gilliam;9463 Bayberry Rd., West Babylon, NY 11704
956;Venus Hewitt;9835 Old Cemetery Lane, Farmingdale, NY 11735
957;Stephen Vega;5 Briarwood St., Anaheim, CA 92806
958;Ciera Koch;881 Lawrence Drive, Euless, TX 76039
959;Christel Barber;320 Briarwood Lane, Sacramento, CA 95820
960;Arline Lawson;48 Whitemarsh Lane, Hempstead, NY 11550
961;Iva Wilcox;452 South Mayflower Drive, Kingston, NY 12401
962;Maple Griffin;20 Glendale Drive, Copperas Cove, TX 76522
963;Anisha Lang;265 Peachtree St., Rome, NY 13440
964;Brent Calderon;3 Thomas St., Corpus Christi, TX 78418
965;Margit Osborn;909 Gulf Drive, Plainview, NY 11803
966;Novella Patel;500 Livingston Street, Glen Cove, NY 11542
967;Laurette Hebert;18 South Constitution Court, Canandaigua, NY 14424
968;Jonna Brown;1 Spring Drive, Mahopac, NY 10541
969;Jennell Solis;194 2nd Rd., Rochester, NY 14606
970;Ruth Horton;488 Mulberry Ave., Hollis, NY 11423
971;Samual Warner;8735 Thatcher Dr., Brentwood, NY 11717
972;Damian Mills;7747 Elm Dr., Long Beach, NY 11561
973;Margaretta Clayton;524 San Pablo Ave., Ridgecrest, CA 93555
974;Marcell Barrett;266 Elm Drive, Astoria, NY 11102
975;Annis Sanchez;4 Edgewater Road, Los Angeles, CA 90008
976;Ayanna Cherry;8829 Galvin Rd., Smithtown, NY 11787
977;Barton Cox;8220 Creekside Street, Amityville, NY 11701
978;Diana Reyes;7415 Annadale St., Bronx, NY 10451
979;Ingeborg Ellison;360 Trusel St., Ithaca, NY 14850
980;Carter Booth;82 Beech Drive, Port Chester, NY 10573
981;Christel Cardenas;428 S. Swanson Drive, Long Beach, NY 11561
982;Orval Hunter;35 Wagon Drive, San Angelo, TX 76901
983;Marguerite Berger;875 Arch Lane, Fullerton, CA 92831
984;Ivette Warren;8408 Thomas Street, Franklin Square, NY 11010
985;Milagros Weber;7591 Glendale Ave., Harlingen, TX 78552
986;Marcel Lindsay;249 Peninsula St., Ossining, NY 10562
987;Louis Powell;368 Sugar Rd., Staten Island, NY 10301
988;Vanda Holmes;9835 Wild Rose Drive, Syosset, NY 11791
989;Loreen Byers;83 S. Rockledge Circle, South Ozone Park, NY 11420
990;Casimira Chapman;67 Snake Hill St., Monroe, NY 10950
991;Brigida Larson;8789 Sycamore Lane, Canyon Country, CA 91387
992;Chere Alston;16 Lower River Street, Patchogue, NY 11772
993;Giovanna Jefferson;9394 Riverside St., Ridgecrest, CA 93555
994;Demarcus Reese;8087 Armstrong Dr., Yorktown Heights, NY 10598
995;Amina Salazar;944 Wellington Street, Canandaigua, NY 14424
996;Serafina Clemons;851 Brown Ave., Shirley, NY 11967
997;Trinidad Mcclain;98 Tunnel Drive, Baldwin, NY 11510
998;Heather Chaney;4 Morris Dr., Jamestown, NY 14701
999;Latoya Johns;7914 W. Woodsman St., Ballston Spa, NY 12020
1000;Shiloh Reeves;818 Kirkland Lane, West Babylon, NY 11704
1001;Lee Roman;4 Canal Ave., Brentwood, NY 11717
1002;Cami Williamson;9511A Windsor Drive, Massapequa, NY 11758
1003;Sharell Ross;7830 Devonshire Ave., Vista, CA 92083
1004;Jerald Blackwell;8364 South Wakehurst Ave., East Elmhurst, NY 11369
1005;Ruthanne Franco;61 Applegate St., Astoria, NY 11102
1006;Marjory Leonard;800 Greystone Lane, Apple Valley, CA 92307
1007;Jimmy Russell;33 Iroquois Ave., Howard Beach, NY 11414
1008;Berneice Pollard;607 Bohemia Street, Forney, TX 75126
1009;Deangelo Cooley;3 NE. Edgewood Rd., Rosedale, NY 11422
1010;Katia Henry;69 E. Columbia Ave., Bethpage, NY 11714
1011;Sebrina Gross;993 Glendale Drive, Garland, TX 75043
1012;Josephine Dale;8214 West Drive, Baldwinsville, NY 13027
1013;Alma Peck;298 South Bay Meadows Drive, Corona, NY 11368
1014;Ling Newman;832 Spring Road, South Richmond Hill, NY 11419
1015;Nichelle Rosario;709 Dunbar Ave., Garden City, NY 11530
1016;Shenna Benton;57 Shadow Brook Road, New York, NY 10002
1017;Philip Bryan;914 Devonshire Court, Oakland, CA 94603
1018;Carita Salinas;90 Griffin Street, Maspeth, NY 11378
1019;Janie Herrera;652 Westport Street, Elmhurst, NY 11373
1020;Lorraine Marks;160 North Pearl Street, San Carlos, CA 94070
1021;Nicolas Carlson;7899 Spruce Street, Saint Albans, NY 11412
1022;Hye Mercer;9681 Redwood St., Mahopac, NY 10541
1023;Adena Blake;684 Westport Drive, Ballston Spa, NY 12020
1024;Coleman Boyd;9740 Bay Meadows Drive, El Paso, TX 79930
1025;Daphine Willis;152 Shady St., Farmingdale, NY 11735
1026;Jenine Dawson;17 Park Street, Endicott, NY 13760
1027;Shanita Wiley;121 Bridge Lane, Saint Albans, NY 11412
1028;Shanna Bonner;386 Lafayette Road, Canandaigua, NY 14424
1029;Ping Quinn;9051 Hanover Dr., Rowlett, TX 75088
1030;Saran Moses;94 Hall Dr., Brooklyn, NY 11201
1031;Tonja Bean;9 Middle River St., Fairport, NY 14450
1032;Vernon Knowles;5 Olive Lane, Huntington Station, NY 11746
1033;Jeannette Skinner;8886 High Point Drive, Forest Hills, NY 11375
1034;Rico Salas;8041 Walt Whitman St., Centereach, NY 11720
1035;Tangela Hurley;49 North Cross St., Campbell, CA 95008
1036;Randee Lester;81 Bear Hill Street, Centereach, NY 11720
1037;Ashanti Hammond;9202 W. Lyme Ave., Nanuet, NY 10954
1038;Garry Juarez;670 Nut Swamp Drive, Forest Hills, NY 11375
1039;Bee Baker;307 E. Magnolia St., Liverpool, NY 13090
1040;Shantae Hammond;526 Harvard Drive, Victoria, TX 77904
1041;Bettye Espinoza;76 Rockwell Street, Oswego, NY 13126
1042;Larissa Hays;66 2nd Drive, Elmont, NY 11003
1043;Diane Jones;859 Prince St., Fresh Meadows, NY 11365
1044;Zenia Bruce;349 James Road, Rosedale, NY 11422
1045;Pasquale Hogan;403 Bank St., Vista, CA 92083
1046;Dane Mcdaniel;891 Court Ave., Canandaigua, NY 14424
1047;Jamaal Baker;186 Big Rock Cove Ave., Elmhurst, NY 11373
1048;Ji Burt;40 S. Roberts Street, Apple Valley, CA 92307
1049;Marcelino Mcbride;29 Oxford Ave., Clifton Park, NY 12065
1050;Rozella Fitzgerald;7795 Myers Ave., Shirley, NY 11967
1051;Tonisha Fowler;9270 Valley View Lane, Huntington Station, NY 11746
1052;Zora Ford;7416 La Sierra Dr., Sacramento, CA 95820
1053;Parthenia Figueroa;550 Theatre Dr., Mahopac, NY 10541
1054;Arielle Levine;7100 High Ridge St., Garland, TX 75043
1055;Hildegarde Christensen;488 East Mill Pond Ave., Maspeth, NY 11378
1056;Rebbecca Espinoza;8266 Valley Farms Road, Mount Vernon, NY 10550
1057;Conchita Boone;814 Birchpond Lane, Mount Vernon, NY 10550
1058;Aisha Woods;9292 Bear Hill Ave., Webster, NY 14580
1059;Season Harvey;388 Arnold Court, East Northport, NY 11731
1060;Tommie Cooley;92 Hickory St., Lancaster, NY 14086
1061;Alanna Barry;33 Laurel Avenue, Euless, TX 76039
1062;Jerri Guthrie;95 Sugar Dr., Carmel, NY 10512
1063;Tammy Austin;182 Stillwater Ave., Lake Jackson, TX 77566
1064;Patsy Russo;8438 Fairway Avenue, Rowlett, TX 75088
1065;Desiree Branch;67 Bayport Drive, San Lorenzo, CA 94580
1066;Raeann Duncan;126 Edgewood St., Anaheim, CA 92806
1067;Lillia Gillespie;382 Cardinal Dr., Rego Park, NY 11374
1068;Doris Kaufman;69 Fairground Dr., Duarte, CA 91010
1069;Rodolfo Buck;8359 Brewery Street, Shirley, NY 11967
1070;Olimpia Mays;42 Nichols Lane, Oakland Gardens, NY 11364
1071;Shemeka Lyons;97 South Jockey Hollow St., Pomona, CA 91768
1072;Maryalice Henry;85 Prince Street, Richardson, TX 75080
1073;Leeanne Cross;424 Newcastle Road, Bayside, NY 11361
1074;Lanelle Guerra;989 Wrangler St., Floral Park, NY 11001
1075;Dann Huff;475 S. Rockville St., Huntington Station, NY 11746
1076;Sherise Mercer;9401 Catherine Dr., Vista, CA 92083
1077;Heather Perry;982 Durham Street, Sunnyside, NY 11104
1078;Theresia Barron;951 Wild Rose Street, Forest Hills, NY 11375
1079;Cindi Ellis;6 Cypress Lane, Floral Park, NY 11001
1080;Mirella Duffy;43 University Ave., Longview, TX 75604
1081;Carson Macias;7 Pennington St., New Rochelle, NY 10801
1082;Divina Madden;7314 Armstrong St., Long Beach, NY 11561
1083;Cher Alston;38 Wild Horse Road, Wantagh, NY 11793
1084;Regine Odom;684 N. Mayfield Ave., Franklin Square, NY 11010
1085;Adam Thornton;755 East Henry Lane, Central Islip, NY 11722
1086;Cori Schwartz;43 Lancaster Lane, Jamaica, NY 11432
1087;Willow Gardner;57 S. Lakewood Dr., Pleasanton, CA 94566
1088;Jane Henderson;46 Carson Drive, Apple Valley, CA 92307
1089;Chere Mcfadden;695 San Pablo Drive, Orchard Park, NY 14127
1090;Ira Erickson;6 Lake Forest St., Port Jefferson Station, NY 11776
1091;Risa Gallagher;8281 Edgefield Drive, Rocklin, CA 95677
1092;Lavinia Cotton;7485 Bridle Street, East Northport, NY 11731
1093;Alejandrina Hodges;7598 Shadow Brook St., Deer Park, NY 11729
1094;Keitha Black;7670 Hilldale Ave., Lindenhurst, NY 11757
1095;Corene Swanson;597 Lakeshore Lane, Rego Park, NY 11374
1096;Tonda Webb;53 SW. Edgemont Rd., Baldwinsville, NY 13027
1097;Collen Dennis;284 E. Mill Street, San Pablo, CA 94806
1098;Treasa Dickerson;70 W. Creekside Road, Rockville Centre, NY 11570
1099;Jewell Reyes;8711 Glen Creek Drive, Jackson Heights, NY 11372
1100;Penny Acevedo;318 Mulberry Drive, Ballston Spa, NY 12020
1101;Louise Flowers;28 N. Gregory Court, Depew, NY 14043
1102;Henrietta Wagner;54 Brickyard St., Fort Worth, TX 76110
1103;Ardelia Cooley;59 Henry Smith St., Canyon Country, CA 91387
1104;Khalilah Robertson;22 Longbranch Rd., Spring Valley, NY 10977
1105;Armando Black;8611 N. Poor House St., Richardson, TX 75080
1106;Jerri Henry;141 N. Purple Finch Avenue, Spring Valley, NY 10977
1107;Lynda Newman;44 SW. Thomas Ave., Saratoga Springs, NY 12866
1108;Bao Wade;7587 Church St., Desoto, TX 75115
1109;Gussie Harding;41 Edgefield Avenue, Deer Park, NY 11729
1110;Shirely Cantrell;6 Kent Street, West Hempstead, NY 11552
1111;Caroline Jenkins;86 River Lane, Richardson, TX 75080
1112;Hollis Rasmussen;8949 S. Gates Road, Massapequa, NY 11758
1113;Kendra Harrington;768 Cooper Street, Jamestown, NY 14701
1114;Douglass Blankenship;409 W. Rock Maple Lane, Albany, NY 12203
1115;Lina Meadows;7020 Ashley Rd., Glen Cove, NY 11542
1116;Patria Harper;90 Arlington St., Astoria, NY 11102
1117;Jeffrey Hill;2 Shub Farm St., Rosedale, NY 11422
1118;Ja Dillard;25 Orchard St., Canyon Country, CA 91387
1119;Tora Dunlap;9903 North Halifax Ave., Monsey, NY 10952
1120;Karole Alvarez;69 Woodland St., East Northport, NY 11731
1121;Shasta Combs;726 James Dr., Yorktown Heights, NY 10598
1122;Cicely Deleon;751 Newbridge Ave., Massapequa Park, NY 11762
1123;Raphael O'neil;762 East Lantern Dr., Fairport, NY 14450
1124;Hubert Reilly;9004 N. Lake Rd., Amityville, NY 11701
1125;Caleb England;649 Marvon St., Pleasanton, CA 94566
1126;Elmira Levy;6 Columbia Dr., Spring Valley, NY 10977
1127;Waldo Hart;9782 Pineknoll Lane, Queensbury, NY 12804
1128;Bea Kane;398 Green Lake Ave., Mahopac, NY 10541
1129;Gilberto Sanders;186 Roehampton Ave., Woodside, NY 11377
1130;Benny Bender;520 W. Hamilton St., Elmont, NY 11003
1131;Desmond Rose;9956 Lexington Rd., Mount Vernon, NY 10550
1132;Parthenia Holman;17 Orange Court, Ithaca, NY 14850
1133;Dung King;523 Prairie St., West Islip, NY 11795
1134;Sherril Alvarado;9434 Cypress Court, Desoto, TX 75115
1135;Alisia Albert;9490 Coffee St., Garland, TX 75043
1136;Kallie Best;9842 Fairview St., Rochester, NY 14606
1137;Dottie Roberts;8252 Theatre St., Port Washington, NY 11050
1138;Hubert Stone;203 Penn St., Ridgecrest, CA 93555
1139;Gabriella Jones;9100 Gates Ave., Mount Vernon, NY 10550
1140;Penney Hall;8306 Jockey Hollow Street, Liverpool, NY 13090
1141;Mallie Osborn;9022 Bridgeton St., Newburgh, NY 12550
1142;Britteny Schroeder;855 Bohemia Dr., Pittsford, NY 14534
1143;Sommer Hopkins;827 Laurel Ave., Tonawanda, NY 14150
1144;Jewel Sparks;12 Vine Road, Oakland Gardens, NY 11364
1145;Deandrea Vega;613 Mill Pond St., Yonkers, NY 10701
1146;Charlsie Carson;3 South Grant Avenue, Saint Albans, NY 11412
1147;Kandace Ayers;9005 Lookout Lane, Santa Monica, CA 90403
1148;Lenore Valdez;829 Birchpond Street, Spring Valley, NY 10977
1149;Drucilla Gilliam;8257 E. Westminster Ave., Santa Clara, CA 95050
1150;Keturah Reid;747 SE. Beech Ave., Corpus Christi, TX 78418
1151;Herminia Reyes;782 Stonybrook Street, Centereach, NY 11720
1152;Tuyet Rosa;9038 Golden Star Street, South El Monte, CA 91733
1153;Ara Vazquez;343 2nd Court, San Carlos, CA 94070
1154;Barry Albert;13 Grand St., Auburn, NY 13021
1155;Verdell Joyner;9191 Sierra St., Far Rockaway, NY 11691
1156;Han Wade;587 Sulphur Springs St., Howard Beach, NY 11414
1157;Anton Barton;7284 East Indian Spring Rd., Buffalo, NY 14215
1158;Vito Pickett;93 High Point Street, Canandaigua, NY 14424
1159;Charlene Norris;972 South Sierra Drive, Syosset, NY 11791
1160;Efren Whitfield;139 Union Rd., Euless, TX 76039
1161;Santa Larson;5 Bellevue Dr., Valley Stream, NY 11580
1162;Carmelina Sellers;12 Race St., Ithaca, NY 14850
1163;Carmela Hays;149 Pennington Ave., Lawndale, CA 90260
1164;Patrina Tanner;7136 Selby Road, Scarsdale, NY 10583
1165;Rikki Morrow;7096 Plumb Branch Road, Fort Worth, TX 76110
1166;Junita Reese;8773 North Walt Whitman Court, Bay Shore, NY 11706
1167;Ryan Carter;8684 Studebaker Road, Nanuet, NY 10954
1168;Almeta Benjamin;8456 Oakwood St., Sunnyside, NY 11104
1169;Beatris Joyner;7463 Gonzales Rd., Spring Valley, NY 10977
1170;Mechelle Chan;458 Overlook Street, Richmond Hill, NY 11418
1171;Earlean Pena;7698 Fulton St., Rome, NY 13440
1172;Katherin Clark;996 Iroquois Street, Pittsford, NY 14534
1173;Chanel May;806 Saxton Court, Garden City, NY 11530
1174;Aaron Knapp;807 Grandrose Ave., Yonkers, NY 10701
1175;Sindy Anderson;543 Halifax Ave., Pomona, CA 91768
1176;Sheree Blanchard;41 Glenwood Ave., Queensbury, NY 12804
1177;Charlesetta Soto;25 South Colonial Drive, Poughkeepsie, NY 12601
1178;Wendie Nash;9 South Road, Oxnard, CA 93035
1179;Vernetta Banks;7633 Albany St., Brooklyn, NY 11201
1180;Myrtle Gardner;303 Creekside Street, Farmingdale, NY 11735
1181;Agustina Lawrence;9347 Delaware Ave., Brooklyn, NY 11201
1182;Trinidad Chapman;7371 Glen Eagles Street, Ronkonkoma, NY 11779
1183;Kim Clark;19 Liberty St., Merrick, NY 11566
1184;Annabelle Hebert;9745 Nicolls Lane, Spring Valley, NY 10977
1185;Corine Stuart;5 Penn Street, Clifton Park, NY 12065
1186;Kiesha Bond;29 Marvon St., San Carlos, CA 94070
1187;Kenyetta Mason;98 Poplar Ave., Flushing, NY 11354
1188;Marcene Curtis;7699 Illinois Lane, Yonkers, NY 10701
1189;Sheila Goodman;9586 Chestnut St., Uniondale, NY 11553
1190;Romeo Steele;162 Crescent Lane, Port Jefferson Station, NY 11776
1191;Tam Fisher;8000 Woodsman Lane, Rochester, NY 14606
1192;Gena Owens;43 Buckingham St., Desoto, TX 75115
1193;Phebe Soto;9239 Leatherwood Rd., South Ozone Park, NY 11420
1194;Leticia Snyder;173 Lyme Dr., Pittsford, NY 14534
1195;Chantell Bridges;8478 N. Wrangler Dr., Buffalo, NY 14215
1196;Ileana Holt;817 Adams St., Patchogue, NY 11772
1197;Nakisha Clay;8996 Beechwood Ave., Port Washington, NY 11050
1198;Cheryll Snyder;77 E. Liberty St., Brooklyn, NY 11201
1199;Consuela Collier;338 S. Holly Avenue, North Tonawanda, NY 14120
1200;Aubrey Durham;14 Foster Ave., Port Washington, NY 11050
1201;Nita Guy;75 Academy Street, Port Chester, NY 10573
1202;Carmina Emerson;7137 Monroe Road, Banning, CA 92220
1203;Georgeann Rojas;691 Devon Ave., Desoto, TX 75115
1204;Leslie Higgins;805 Logan Ave., Saratoga Springs, NY 12866
1205;Emmaline Huber;7975 Harrison Rd., Mount Vernon, NY 10550
1206;Mercy Brown;8207 Central Street, Hollis, NY 11423
1207;Jenell Crosby;507 Fulton Street, Brentwood, NY 11717
1208;Leila Barr;120 Fremont Rd., Carmel, NY 10512
1209;Deandrea Cox;617 Sycamore Street, Huntington, NY 11743
1210;Shawnna Frank;17 NW. Cottage Lane, Woodside, NY 11377
1211;Brenton Whitaker;25 Elmwood Rd., Niagara Falls, NY 14304
1212;Jaqueline Cummings;478 Wrangler St., Huntington Station, NY 11746
1213;Yang Giles;25 Bridle Lane, San Angelo, TX 76901
1214;Brigid Sharp;495 Sleepy Hollow Court, Santa Clara, CA 95050
1215;Karl Stephens;208 Thatcher Rd., Rockville Centre, NY 11570
1216;Elvina Gates;112 Smith St., Pleasanton, CA 94566
1217;Carlie Terrell;7437 Snake Hill Road, Yonkers, NY 10701
1218;Donovan Cantrell;601 Winchester Dr., Oakland, CA 94603
1219;Alden Atkinson;46 Valley St., Shirley, NY 11967
1220;Carissa Cross;9335 West Main Dr., Huntington Station, NY 11746
1221;Joy Underwood;7297 Armstrong Dr., Apple Valley, CA 92307
1222;Geraldine O'donnell;8241 Lookout Rd., Flushing, NY 11354
1223;Bronwyn Vargas;35 James Street, New Windsor, NY 12553
1224;Abram Copeland;9782 Indian Spring Lane, Harlingen, TX 78552
1225;Mellisa Griffin;49 Alton Circle, Los Banos, CA 93635
1226;Qiana Jackson;56 Galvin Street, East Northport, NY 11731
1227;Magali Dixon;815 Del Monte Court, Troy, NY 12180
1228;Zulema Clemons;75 W. Howard St., Oakland, CA 94603
1229;Carina Lynch;64 Jennings Road, Wappingers Falls, NY 12590
1230;Jesus Burch;7024 Squaw Creek Street, Desoto, TX 75115
1231;Selene Vega;11 Sierra St., Campbell, CA 95008
1232;Jong Guthrie;889 Leatherwood Drive, Bethpage, NY 11714
1233;Lise Hebert;140 East Broad Lane, Vista, CA 92083
1234;Joshua Berg;16 East St., Ossining, NY 10562
1235;Georgina Gonzales;307 Chapel St., Endicott, NY 13760
1236;Rudolph Velez;9397 Pleasant Drive, Mount Vernon, NY 10550
1237;Luke Kramer;7955 Delaware Drive, Bethpage, NY 11714
1238;Edgar Quinn;556 Dogwood Ave., Harlingen, TX 78552
1239;Tara Maynard;9375 Fordham Street, Lindenhurst, NY 11757
1240;Bella Perez;43 Green Lake Street, Duarte, CA 91010
1241;Nathaniel Davidson;7476 Henry Smith Street, Rome, NY 13440
1242;Chauncey Donaldson;7412 Golf Ave., Franklin Square, NY 11010
1243;Heide Reed;9174 Coffee Drive, Floral Park, NY 11001
1244;Trang Hardin;9255 Myers Drive, Depew, NY 14043
1245;Gabriela Warren;9947 Brewery Ave., Long Beach, NY 11561
1246;Dale Rasmussen;8590 Adams Street, Kingston, NY 12401
1247;Tammie Cherry;791 Wakehurst Dr., Massapequa, NY 11758
1248;Bethany Herring;7563 High Point Street, Port Jefferson Station, NY 11776
1249;Barbra Dickerson;8424 E. Rockcrest Dr., Ridgecrest, CA 93555
1250;Neoma Daugherty;80 Spring Street, Mount Vernon, NY 10550
1251;Nanette Roman;8254 North Riverview Street, Glendora, CA 91740
1252;Adriene Rollins;55 Cambridge Street, Plainview, NY 11803
1253;Susannah Fields;17 Railroad Street, Far Rockaway, NY 11691
1254;Dung Reid;468 West Washington Ave., Canyon Country, CA 91387
1255;Ben Stone;8855 University St., Ithaca, NY 14850
1256;Nubia Anderson;584 NW. Hilldale Drive, Ronkonkoma, NY 11779
1257;Rosamaria Meyer;446 Elizabeth St., Webster, NY 14580
1258;Todd Waters;92 Cedar Swamp Street, Bay Shore, NY 11706
1259;Kimbery Nieves;768 Roehampton St., San Carlos, CA 94070
1260;Phuong Wolf;7765 N. Annadale Dr., Schenectady, NY 12302
1261;Adelaida Hancock;669 S. Gartner Street, San Pablo, CA 94806
1262;Brianne Hays;88 Tailwater Ave., San Pablo, CA 94806
1263;Rufina Chandler;7985 Alderwood Street, New Hyde Park, NY 11040
1264;Devin Velazquez;61 Redwood St., Brentwood, NY 11717
1265;Bonita Marshall;48 Bald Hill Drive, Endicott, NY 13760
1266;Myrl Gay;8708 Taylor Lane, Garland, TX 75043
1267;Earline Gordon;81 Railroad Drive, Ronkonkoma, NY 11779
1268;Sung Chambers;369 N. Virginia Street, Kingston, NY 12401
1269;Gustavo Gamble;8054 W. Meadowbrook Street, Port Washington, NY 11050
1270;Ciera Webb;958 Anderson Ave., Orchard Park, NY 14127
1271;Roy Chan;7578 Middle River St., Pomona, CA 91768
1272;Houston Vasquez;845 Aspen Street, Fullerton, CA 92831
1273;Cheree Hale;95 Lyme Avenue, Oswego, NY 13126
1274;Odette Moses;899 Overlook Lane, Newburgh, NY 12550
1275;Lenita Bonner;7286 Swanson Drive, Los Banos, CA 93635
1276;Shona Mcmillan;57 West Maple Dr., Apple Valley, CA 92307
1277;Piedad Irwin;581 Garden St., Coram, NY 11727
1278;Loan Graham;57 Glen Eagles St., Jackson Heights, NY 11372
1279;Stan Saunders;407 Essex Dr., Canandaigua, NY 14424
1280;Jackeline Colon;9916 Cedarwood Drive, Wappingers Falls, NY 12590
1281;Marlen Dawson;67 Oak Valley Street, Woodside, NY 11377
1282;Alexis Mack;7767 Sutor Ave., New City, NY 10956
1283;Mica Barry;3 SE. Sugar St., Hopewell Junction, NY 12533
1284;Shanice Spears;5 Piper Ave., Brooklyn, NY 11201
1285;Garth Huff;794 East University St., Glendora, CA 91740
1286;Dione Pratt;864 Winding Way St., Pleasanton, CA 94566
1287;Victor Pittman;9294 Devon Dr., Astoria, NY 11102
1288;Allie Conley;96 High Point Road, Lawndale, CA 90260
1289;Shanelle Anderson;646 Surrey Street, Bethpage, NY 11714
1290;Minnie Compton;185 Hudson Street, South Richmond Hill, NY 11419
1291;Shiloh Bates;15 Wellington Dr., Monsey, NY 10952
1292;Lakenya Oliver;82 Bayport Court, San Lorenzo, CA 94580
1293;Sally Kinney;7565 High Dr., Floral Park, NY 11001
1294;Edith Davenport;685 Alton Road, Ontario, CA 91762
1295;Alline Beasley;8704 NE. Olive Ave., North Tonawanda, NY 14120
1296;Travis Whitley;60 Euclid Ave., Saint Albans, NY 11412
1297;Vanessa West;34 Prairie Lane, New Rochelle, NY 10801
1298;Trudy Riddle;8943 Johnson Street, Schenectady, NY 12302
1299;Shauna Edwards;8 Dogwood Ave., Yorktown Heights, NY 10598
1300;Clorinda Donovan;9690 E. Morris Ave., Jamestown, NY 14701
1301;Raven Curtis;18 Summit Lane, Lawndale, CA 90260
1302;Verda Gilbert;54 Hillcrest Drive, East Northport, NY 11731
1303;Renay Atkins;7146 Leeton Ridge Ave., Woodside, NY 11377
1304;Tama Berg;3 Cardinal Avenue, Hollis, NY 11423
1305;Dalia Carson;7175 Galvin St., Rochester, NY 14606
1306;America Swanson;83 South Arlington Lane, Webster, NY 14580
1307;Cinda Rocha;926 North Oklahoma Dr., Los Banos, CA 93635
1308;Shea Howell;67 Arch Rd., South El Monte, CA 91733
1309;Kimberli Cline;7115 Stonybrook Court, Centereach, NY 11720
1310;Emanuel Mckee;9411 Lake Dr., Schenectady, NY 12302
1311;Whitley Cannon;614 High Point Lane, Coram, NY 11727
1312;Tereasa Bird;7526 Vine Drive, Ronkonkoma, NY 11779
1313;Dante Grimes;23 Shore St., Duarte, CA 91010
1314;Joeann Garrison;1 Harrison St., Ontario, CA 91762
1315;Omega Johnston;9935 Tarkiln Hill St., Canyon Country, CA 91387
1316;Conrad Mueller;3 Myrtle St., Massapequa, NY 11758
1317;Glady Wells;627 Ramblewood Ave., Syosset, NY 11791
1318;Tisha Petty;9083 Lake View Ave., San Antonio, TX 78213
1319;Claris Santiago;763 Mountainview Dr., Newburgh, NY 12550
1320;Obdulia Barber;878 Lexington Rd., Newburgh, NY 12550
1321;Shantel Gregory;7722 Second Lane, West Islip, NY 11795
1322;Ai Forbes;254 Central St., Franklin Square, NY 11010
1323;Ebony Cotton;8979 Miller St., West Babylon, NY 11704
1324;Arla Ellis;127 Crescent Ave., Utica, NY 13501
1325;Magdalena Sherman;176 Sunbeam St., Oswego, NY 13126
1326;Tarra Guerrero;10 Baker St., Auburn, NY 13021
1327;Consuela Romero;54 Elm Court, Monroe, NY 10950
1328;Cindie Franklin;7249 Franklin St., Lawndale, CA 90260
1329;Sharyn Brewer;70 Columbia Ave., Hollis, NY 11423
1330;Karren Stevenson;155 Old York St., San Carlos, CA 94070
1331;Divina Reeves;767 Bradford Dr., Newburgh, NY 12550
1332;Novella Ross;9418 Acacia Drive, Glendora, CA 91740
1333;Omega Huff;63 Devon St., Santa Monica, CA 90403
1334;Ashleigh Finch;82 Hudson Court, Newburgh, NY 12550
1335;Corina Lynch;44 Sunbeam Dr., Rosedale, NY 11422
1336;Joe Melton;8998 Hartford Street, New Windsor, NY 12553
1337;Bernetta Summers;1 Young Ave., Longview, TX 75604
1338;Inez Snider;837 Catherine Lane, Ronkonkoma, NY 11779
1339;Neida King;137 Bohemia St., Oceanside, NY 11572
1340;Tona Velasquez;9166 Trout St., Whitestone, NY 11357
1341;Rozanne Reyes;11 W. Surrey Drive, Garden City, NY 11530
1342;Lekisha Pope;390 Livingston Avenue, Freeport, NY 11520
1343;Jama Rodriquez;681 Smith Dr., Upland, CA 91784
1344;Eloisa Tucker;7268 Leatherwood Ave., Howard Beach, NY 11414
1345;Arie Hunter;66 Old State Rd., Flushing, NY 11354
1346;Sanora Webster;74 Beach St., Los Angeles, CA 90008
1347;Kate Barber;46 W. Oak Valley Ave., Saratoga Springs, NY 12866
1348;Yvone Guerrero;8548 Jackson Ave., Merrick, NY 11566
1349;Kami Rios;8400 8th Dr., Encino, CA 91316
1350;Annett Rush;758 Fordham Lane, Rosedale, NY 11422
1351;Carman Hardy;800 Whitemarsh St., Jamestown, NY 14701
1352;Dorothea Miranda;7882 Parker St., Upland, CA 91784
1353;Agatha Daniels;125 Canal St., South El Monte, CA 91733
1354;Alexandria Zamora;95 Cherry Circle, Schenectady, NY 12302
1355;Thad Gilliam;8844 Gonzales Court, Levittown, NY 11756
1356;Inger Jennings;38 NW. Shore Lane, Patchogue, NY 11772
1357;Karren Lamb;35 N. Chapel St., Fresno, CA 93706
1358;Noble Glover;728 W. Rocky River Street, Orchard Park, NY 14127
1359;Octavia Donaldson;8095 Wayne Ave., Levittown, NY 11756
1360;Latashia Travis;7877 King Rd., Upland, CA 91784
1361;Destiny Goodman;29 Smoky Hollow St., Westbury, NY 11590
1362;Christiana Gross;645 North Richardson Road, Orchard Park, NY 14127
1363;Nestor Haynes;27 Nut Swamp Street, Houston, TX 77016
1364;Grisel Maynard;353 North Arch St., Ballston Spa, NY 12020
1365;Shenna Espinoza;202 North George Street, Queensbury, NY 12804
1366;Trena Rogers;502 Sherwood St., Campbell, CA 95008
1367;Lucile Manning;511 Livingston Lane, Campbell, CA 95008
1368;Veronique Fulton;81 Hilldale Ave., Ballston Spa, NY 12020
1369;Starr Schneider;77 Mulberry Street, Shirley, NY 11967
1370;Rona Rojas;815 Riverview St., San Jose, CA 95127
1371;Pandora Estes;228 Shadow Brook Drive, New Hyde Park, NY 11040
1372;Renna Williams;7398 SW. Glen Ridge Road, South Ozone Park, NY 11420
1373;Lanora Robbins;31 W. Maiden Lane, West Babylon, NY 11704
1374;Juliane Dillard;63 Birchwood Court, Glendora, CA 91740
1375;Carlena Salinas;1 Wagon Street, Jamaica, NY 11432
1376;Kimberley Reynolds;8475 Homewood Street, Port Washington, NY 11050
1377;Johana Jacobson;29 San Juan St., Rochester, NY 14606
1378;Enoch Rosario;186 Arlington St., Fresno, CA 93706
1379;Dorine Thornton;8730 N. Atlantic Street, Sunnyside, NY 11104
1380;Eliz Lynch;717 West Deerfield Ave., Uniondale, NY 11553
1381;Mercedez Brooks;7483 Ann St., Duarte, CA 91010
1382;Wynona Douglas;6 Country Ave., Harlingen, TX 78552
1383;Desire Mcgowan;942 North Ohio Road, Bakersfield, CA 93306
1384;Elmo Sweeney;43 Arch Ave., San Carlos, CA 94070
1385;Kenton Hughes;632 Sleepy Hollow Drive, Canandaigua, NY 14424
1386;Cesar Wilkins;7 Inverness St., San Diego, CA 92111
1387;Phylicia Stout;8842 Littleton Lane, Canandaigua, NY 14424
1388;Nanette Harris;26 Pin Oak Lane, East Meadow, NY 11554
1389;Ulrike Chan;7949 Lancaster St., Port Chester, NY 10573
1390;Genoveva Lloyd;706 Devonshire St., Bayside, NY 11361
1391;Sheryl Chase;388 Cedar Avenue, Floral Park, NY 11001
1392;Trista Lambert;79 River Street, Fairport, NY 14450
1393;Vivian Deleon;9925 Hamilton Street, Jamaica, NY 11432
1394;Genny Fields;9145 San Juan Dr., Amityville, NY 11701
1395;Eliseo Knight;693 Holly Street, Woodhaven, NY 11421
1396;Delma Bailey;9883 West King Lane, Anaheim, CA 92806
1397;Dewayne Herring;9015 Willow Lane, Webster, NY 14580
1398;Nevada Hood;515 Bank Rd., Hopewell Junction, NY 12533
1399;Angelika Perry;7684 South Branch Drive, Canandaigua, NY 14424
1400;Shayla Hart;9092 Aspen St., Woodhaven, NY 11421
1401;Willetta Murphy;436 Devonshire Street, East Elmhurst, NY 11369
1402;Sandee Alvarado;69 Bowman Street, Depew, NY 14043
1403;Mila Moody;675 Williams St., Troy, NY 12180
1404;Loyce Conway;729 State Lane, Central Islip, NY 11722
1405;Thanh Figueroa;6 Roberts Drive, Mount Vernon, NY 10550
1406;Farrah Orr;8711 W. Ashley St., New Hyde Park, NY 11040
1407;Hugh Craft;8716 Homewood Court, Centereach, NY 11720
1408;Eleanor Mendez;4 West St., Port Chester, NY 10573
1409;Lamar Bush;76 Lilac Drive, Buffalo, NY 14215
1410;Lurlene Finch;849 Magnolia St., Yonkers, NY 10701
1411;Shanda Stevenson;9547 N. Courtland St., Freeport, NY 11520
1412;Adrien Hunter;720 Thompson Lane, Rego Park, NY 11374
1413;Ophelia Decker;69 Rockwell Court, New Windsor, NY 12553
1414;Sonja Walls;30 Marshall Dr., Queensbury, NY 12804
1415;Harold O'connor;9530 Summerhouse Street, Santa Cruz, CA 95060
1416;Miranda Kennedy;726 East High St., Astoria, NY 11102
1417;Jasper Castro;977 SE. Railroad Road, Forney, TX 75126
1418;Penni Best;875 Second Drive, Anaheim, CA 92806
1419;Lurlene Cotton;8218 George St., Pleasanton, CA 94566
1420;Kelsey Noble;36 Pearl Court, Mount Vernon, NY 10550
1421;Edris Barrett;36 Pulaski Drive, Plattsburgh, NY 12901
1422;Tempie Jacobson;136 Old Fairview St., Smithtown, NY 11787
1423;Dollie Cervantes;8828 Applegate Drive, Fort Worth, TX 76110
1424;Lashunda Cole;783 Baker St., Monsey, NY 10952
1425;Justina Jenkins;345 SE. Green Lane, Shirley, NY 11967
1426;Londa Gould;9169 Beech Lane, Corpus Christi, TX 78418
1427;Mikel Wilkerson;9233 Clinton St., Atwater, CA 95301
1428;Carola Johns;7077 Fordham Rd., Santa Cruz, CA 95060
1429;Lorrie Justice;8396 Brook Drive, Pomona, CA 91768
1430;Tayna Wade;65 Smith Store Dr., Bakersfield, CA 93306
1431;Mark Benton;83 Eagle St., East Elmhurst, NY 11369
1432;Zona Cameron;42 Bridle Court, East Northport, NY 11731
1433;Nicola Knight;25 SE. Miles Lane, Scarsdale, NY 10583
1434;Elana Miles;7077 Euclid Ave., Liverpool, NY 13090
1435;Merrie Fowler;532 Leatherwood Ave., Scarsdale, NY 10583
1436;Macie Ayers;8730 Longfellow St., Bellmore, NY 11710
1437;Son Warner;20 W. Rosewood Ave., Rockville Centre, NY 11570
1438;Lee Dunn;8626 Grand Ave., San Jose, CA 95127
1439;Florrie Little;8330 Marsh St., New Rochelle, NY 10801
1440;Ernest Rollins;4 West Ridge Dr., Oakland Gardens, NY 11364
1441;Jamaal Morrison;796 SE. Nut Swamp St., Staten Island, NY 10301
1442;Cassie Cline;947 Lafayette Drive, Brooklyn, NY 11201
1443;Lezlie Lamb;401 Brandywine Street, Central Islip, NY 11722
1444;Ivette Estes;88 N. Canterbury Ave., Canandaigua, NY 14424
